NEW_RESEARCHERS,CUM_NO_RESEARCHERS,SYSTEM,YEAR,YES,NO,Y_AVG,X_NORM,YT_AVERAGE,Z_FACTOR,SUM_OF_SQUARES,SUM_OF_SQUARES_dummy,DOF_AVG,DIFUSION_COEFFICIENT,SCREENING_POTENTIAL,REPRODUCIBILITY,DISCREPANCY,MEASUREMENT_FLAW
664,664,Pd-D_all,1989,51,59,55,16,3.546875,51.453125,2647.42407226562,1757889.58398437,39.4530423161765,2.4,800,0.011,0.94,0.94
531,1195,Pd-D_all,1990,81,57,69,144,3.45211786372007,65.5478821362799,4296.52485255164,5134347.19879922,39.5175967219153,2.4,800,0.011,0.97,0.93
388,1583,Pd-D_all,1991,80,24,52,784,3.33118081180812,48.6688191881919,2368.65396117291,3749579.22053672,39.2937136900369,2.4,800,0.021,0.94,0.91
214,1797,Pd-D_all,1992,68,8,38,900,3.24121996303142,34.7587800369686,1208.17278965837,2171086.50301608,39.0690177818854,2.4,800,0.031,0.91,0.89
147,1944,Pd-D_all,1993,65,7,36,841,3.17685185185185,32.8231481481482,1077.35905435528,2094386.00166667,38.8435044814815,2.4,800,0.041,0.88,0.87
75,2019,Pd-D_all,1994,35,3,19,256,3.11595547309833,15.8840445269017,252.302870532595,509399.495605309,38.6171692393321,2.4,800,0.039,0.85,0.85
73,2092,Pd-D_all,1995,43,5,24,361,3.0864312267658,20.9135687732342,437.377358832797,914993.434678211,38.3900119330855,2.4,800,0.037,0.82,0.83
157,2249,Pd-D_all,1996,76,10,43,1089,3.04748603351955,39.9525139664804,1596.20337224182,3589861.38417184,38.1620279702048,2.4,800,0.035,0.79,0.81
52,2301,Pd-D_all,1997,22,2,12,100,2.97294776119403,9.02705223880597,81.4876721221319,187503.133553025,37.9332127238806,2.4,800,0.033,0.76,0.79
91,2392,Pd-D_all,1998,55,4,29.5,650.25,2.95607476635514,26.5439252336449,704.579966809328,1685355.28060791,37.7035615327103,2.4,800,0.031,0.73,0.77
23,2415,Pd-D_all,1999,23,1,12,121,2.9063670411985,9.0936329588015,82.6941603894009,199706.397340403,37.4730697003745,2.4,800,0.029,0.7,0.75
47,2462,Pd-D_all,2000,25,0,12.5,156.25,2.88930581613508,9.61069418386492,92.3654426957749,227403.719916998,37.2417324953096,2.4,800,0.027,0.67,0.73
44,2506,Pd-D_all,2001,8,1,4.5,12.25,2.87124060150376,1.62875939849624,2.65285717818984,6648.06008854373,37.0095451503759,2.4,800,0.025,0.64,0.71
103,2609,Pd-D_all,2002,51,1,26,625,2.86817325800377,23.1318267419962,535.081408421732,1396027.3945723,36.7765028625235,2.4,800,0.023,0.61,0.69
78,2687,Pd-D_all,2003,41,0,20.5,420.25,2.82452830188679,17.6754716981132,312.422299750801,839478.719430402,36.5426007924528,2.4,800,0.021,0.58,0.67
43,2730,Pd-D_all,2004,21,2,11.5,90.25,2.79111531190926,8.70888468809074,75.8446725104613,207055.955953559,36.3078340642722,2.4,800,0.019,0.55,0.65
65,2795,Pd-D_all,2005,31,0,15.5,240.25,2.77462121212121,12.7253787878788,161.935265294995,452609.066499512,36.0721977651515,2.4,800,0.017,0.52,0.63
15,2810,Pd-D_all,2006,10,0,5,25,2.75047438330171,2.24952561669829,5.06036550018183,14219.6270555109,35.8356869449715,2.4,800,0.015,0.49,0.61
42,2852,Pd-D_all,2007,30,3,16.5,182.25,2.74619771863118,13.7538022813688,189.167077194986,539504.504160101,35.5982966159696,2.4,800,0.013,0.46,0.59
47,2899,Pd-D_all,2008,37,0,18.5,342.25,2.72,15.78,249.0084,721875.3516,35.3600217523809,2.4,800,0.011,0.48,0.57
59,2958,Pd-D_all,2009,54,1,27.5,702.25,2.68988549618321,24.8101145038168,615.541781692501,1820772.59024642,35.1208382061069,2.4,800,0.009,0.5,0.55
36,2994,Pd-D_all,2010,19,2,10.5,72.25,2.64244741873805,7.85755258126195,61.7411325672964,184852.950906485,34.8807407648184,2.4,800,0.007,0.52,0.53
51,3045,Pd-D_all,2011,20,1,10.5,90.25,2.62739463601533,7.87260536398467,61.9779152170403,188722.751835888,34.6397241762452,2.4,800,0.005,0.54,0.51
36,3081,Pd-D_all,2012,30,3,16.5,182.25,2.61228406909789,13.8877159309021,192.868653777432,594228.322288269,34.3977831477927,2.4,800,0.009,0.56,0.49
56,3137,Pd-D_all,2013,9,0,4.5,20.25,2.58557692307692,1.91442307692308,3.66501571745562,11497.1543056583,34.1549100384615,2.4,800,0.013,0.58,0.47
43,3180,Pd-D_all,2014,31,0,15.5,240.25,2.58188824662813,12.9181117533719,166.877611272604,530670.803846882,33.911099460501,2.4,800,0.017,0.6,0.45
71,3251,Pd-D_all,2015,19,0,9.5,90.25,2.55694980694981,6.94305019305019,48.2059459832143,156717.53039143,33.666345984556,2.4,800,0.021,0.62,0.43
44,3295,Pd-D_all,2016,10,1,5.5,20.25,2.54352030947776,2.95647969052224,8.7407721604705,28800.8442687503,33.420644139265,2.4,800,0.025,0.64,0.41
42,3337,Pd-D_all,2017,12,0,6,36,2.53779069767442,3.46220930232558,11.9868932531098,40000.2627856274,33.1739884108527,2.4,800,0.029,0.66,0.39
34,3371,Pd-D_all,2018,8,0,4,16,2.53106796116505,1.46893203883495,2.15776133471581,7273.81345932699,32.9263732427184,2.4,800,0.033,0.68,0.37
45,3416,Pd-D_all,2019,15,1,8,49,2.52821011673152,5.47178988326848,29.9404845266393,102276.695143,32.6777930350195,2.4,800,0.037,0.7,0.35
8,3459,Pd-D_all,2020,6,1,3.5,6.25,2.51754385964912,0.982456140350877,0.965220067713142,3338.69621421976,32.4282421442495,2.4,800,0.041,0.72,0.329999999999999
42,4000,Pd-D_all,2021,9,2,5.5,12.25,2.515625,2.984375,8.906494140625,35625.9765625,32.1777148828125,2.4,800,0.045,0.74,0.309999999999999
41,4800,Pd-D_all,2022,4,1,2.5,2.25,2.50978473581213,-0.009784735812133,9.57410549132427E-05,0.459557063583565,31.926205518591,2.4,800,0.049,0.76,0.289999999999999
42,4801,Pd-D_all,2023,5,2,3.5,3.25,3.50978473581213,0.990215264187867,1.00009574105491,1.45955706358357,32.926205518591,2.4,800,0.049,0.76,0.289999999999999
43,4802,Pd-D_all,2024,6,3,4.5,4.25,4.50978473581213,1.99021526418787,2.00009574105491,2.45955706358356,33.926205518591,2.4,800,0.049,0.76,0.289999999999999
44,4803,Pd-D_all,2025,7,4,5.5,5.25,5.50978473581213,2.99021526418787,3.00009574105491,3.45955706358356,34.926205518591,2.4,800,0.049,0.76,0.289999999999999
45,4804,Pd-D_all,2026,8,5,6.5,0,6.50978473581213,3.99021526418787,4.00009574105491,4.45955706358357,35.926205518591,2.4,800,0.049,0.76,0.289999999999999
664,664,Ni_H_all,1989,0,1,0.5,0.25,2.50980392156863,-2.00980392156863,4.03931180315263,2682.10303729335,31.6737082745098,5.2,380,0.001,1,0.95
531,1195,Ni_H_all,1990,1,0,0.5,0.25,2.51375245579568,-2.01375245579568,4.05519895322312,4845.96274910163,31.5838133988212,5.2,380,0.011,0.97,0.93
388,1583,Ni_H_all,1991,1,0,0.5,0.25,2.51771653543307,-2.01771653543307,4.07118001736003,6444.67796748093,31.4935803543307,5.2,380,0.021,0.94,0.91
214,1797,Ni_H_all,1992,10,0,5,25,2.52169625246548,2.47830374753452,6.14198946504363,11037.1550686834,31.4030071400395,5.2,380,0.031,0.91,0.89
147,1944,Ni_H_all,1993,16,0,8,64,2.51679841897233,5.48320158102767,30.0654995781843,58447.3311799903,31.3120917391304,5.2,380,0.041,0.88,0.87
75,2019,Ni_H_all,1994,6,0,3,9,2.50594059405941,0.494059405940594,0.244094696598373,492.827192432114,31.2208321188119,5.2,380,0.039,0.85,0.85
73,2092,Ni_H_all,1995,3,2,2.5,0.25,2.50496031746032,-0.004960317460318,2.46047493071323E-05,0.051473135550521,31.1292309920635,5.2,380,0.037,0.82,0.83
157,2249,Ni_H_all,1996,12,1,6.5,30.25,2.50497017892644,3.99502982107356,15.960263271267,35894.6320970795,31.0372863220676,5.2,380,0.035,0.79,0.81
52,2301,Ni_H_all,1997,3,0,1.5,2.25,2.49701195219123,-0.997011952191235,0.994032832812177,2287.26954830082,30.9449960557769,5.2,380,0.033,0.76,0.79
91,2392,Ni_H_all,1998,8,0,4,16,2.49900199600798,1.50099800399202,2.25299500798802,5389.16405910734,30.8523581237525,5.2,380,0.031,0.73,0.77
23,2415,Ni_H_all,1999,5,1,3,4,2.496,0.504,0.254016,613.44864,30.75937044,5.2,380,0.029,0.7,0.75
47,2462,Ni_H_all,2000,3,0,1.5,2.25,2.49498997995992,-0.99498997995992,0.990005060220642,2437.39245826322,30.6660309018036,5.2,380,0.027,0.67,0.73
44,2506,Ni_H_all,2001,1,0,0.5,0.25,2.49698795180723,-1.99698795180723,3.98796087966323,9993.82996443606,30.5723373895582,5.2,380,0.025,0.64,0.71
103,2609,Ni_H_all,2002,11,0,5.5,30.25,2.5010060362173,2.9989939637827,8.99396479480505,23465.2541496464,30.4782877665996,5.2,380,0.023,0.61,0.69
78,2687,Ni_H_all,2003,1,0,0.5,0.25,2.49495967741935,-1.99495967741936,3.97986411452914,10693.8948757398,30.3838798790323,5.2,380,0.021,0.58,0.67
43,2730,Ni_H_all,2004,10,0,5,25,2.4989898989899,2.5010101010101,6.25505152535456,17076.2906642179,30.2891115555556,5.2,380,0.019,0.55,0.65
65,2795,Ni_H_all,2005,6,0,3,9,2.49392712550607,0.506072874493927,0.256109754298546,715.826763264436,30.1939806072875,5.2,380,0.017,0.52,0.63
15,2810,Ni_H_all,2006,2,0,1,1,2.49290060851927,-1.49290060851927,2.22875222691721,6262.79375763735,30.0984848275862,5.2,380,0.015,0.49,0.61
42,2852,Ni_H_all,2007,3,0,1.5,2.25,2.49593495934959,-0.995934959349594,0.991886443254677,2828.86013616234,30.0026219918699,5.2,380,0.013,0.46,0.59
47,2899,Ni_H_all,2008,4,0,2,4,2.4979633401222,-0.4979633401222,0.247967488105657,718.857748018301,29.9063898574338,5.2,380,0.011,0.48,0.57
59,2958,Ni_H_all,2009,3,2,2.5,0.25,2.49897959183673,0.001020408163265,1.04123281965873E-06,0.003079966680551,29.809765755102,5.2,380,0.009,0.5,0.55
36,2994,Ni_H_all,2010,4,0,2,4,2.49897750511247,-0.498977505112475,0.24897855060827,745.441780521159,29.7127472801636,5.2,380,0.007,0.52,0.53
51,3045,Ni_H_all,2011,10,1,5.5,20.25,2.5,3,9,27405,29.6153320081967,5.2,380,0.005,0.54,0.51
36,3081,Ni_H_all,2012,12,4,8,16,2.49383983572895,5.50616016427105,30.3177997546054,93409.1410439392,29.5175174948665,5.2,380,0.009,0.56,0.49
56,3137,Ni_H_all,2013,16,0,8,64,2.48251028806584,5.51748971193416,30.4426927212993,95498.7270667158,29.4192988065844,5.2,380,0.013,0.58,0.47
43,3180,Ni_H_all,2014,17,1,9,64,2.47113402061856,6.52886597938144,42.6260909767244,135550.969305984,29.320673443299,5.2,380,0.017,0.6,0.45
71,3251,Ni_H_all,2015,22,4,13,81,2.45764462809917,10.5423553719008,111.141256787446,361320.225815988,29.2216388842975,5.2,380,0.021,0.62,0.43
44,3295,Ni_H_all,2016,9,1,5,16,2.43581780538302,2.56418219461698,6.57503032719074,21664.7249280935,29.1221925879917,5.2,380,0.025,0.64,0.41
42,3337,Ni_H_all,2017,17,2,9.5,56.25,2.4304979253112,7.0695020746888,49.9778595840292,166776.117431905,29.0223319917013,5.2,380,0.029,0.66,0.39
34,3371,Ni_H_all,2018,14,0,7,49,2.41580041580042,4.58419958419958,21.0148858277756,70841.1801254317,28.9220545114345,5.2,380,0.033,0.68,0.37
45,3416,Ni_H_all,2019,13,1,7,36,2.40625,4.59375,21.1025390625,72086.2734375,28.8213575416667,5.2,380,0.037,0.7,0.35
8,3459,Ni_H_all,2020,11,0,5.5,30.25,2.39665970772443,3.10334029227557,9.63072096966105,33312.6638340576,28.7202384551148,5.2,380,0.041,0.72,0.329999999999999
42,4000,Ni_H_all,2021,17,2,9.5,56.25,2.39016736401674,7.10983263598326,50.5497201116927,202198.880446771,28.6186946025105,5.2,380,0.045,0.74,0.309999999999999
41,4800,Ni_H_all,2022,21,3,12,81,2.37526205450734,9.62473794549266,92.6355805194063,444650.78649315,28.516723312369,5.2,380,0.045,0.74,0.309
42,4801,Ni_H_all,2023,22,4,13,82,3.37526205450734,10.6247379454927,93.6355805194063,444651.78649315,29.516723312369,5.2,380,0.045,0.74,0.309
43,4802,Ni_H_all,2024,23,5,14,83,4.37526205450734,11.6247379454927,94.6355805194063,444652.78649315,30.516723312369,5.2,380,0.045,0.74,0.309
44,4803,Ni_H_all,2025,24,6,15,84,5.37526205450734,12.6247379454927,95.6355805194063,444653.78649315,31.516723312369,5.2,380,0.045,0.74,0.309
45,4804,Ni_H_all,2026,25,7,16,85,6.37526205450734,13.6247379454927,96.6355805194063,444654.78649315,32.516723312369,5.2,380,0.045,0.74,0.309
664,664,W-H_all,1989,0,0,0,0,2.35504201680672,-2.35504201680672,5.54622290092508,3682.69200621425,33.516723312369,1.2,240,0.001,1,0.95
531,1195,W-H_all,1990,1,0,0.5,0.25,2.36,-1.86,3.4596,4134.222,28.3717642526316,1.2,240,0.011,0.97,0.93
388,1583,W-H_all,1991,2,0,1,1,2.36392405063291,-1.36392405063291,1.86028881589489,2944.83719556161,28.329041814346,1.2,240,0.021,0.94,0.91
214,1797,W-H_all,1992,3,0,1.5,2.25,2.36680761099366,-0.866807610993657,0.751355434476532,1350.18571575433,28.2861556448203,1.2,240,0.031,0.91,0.89
147,1944,W-H_all,1993,4,0,2,4,2.36864406779661,-0.36864406779661,0.135898448721632,264.186584314852,28.2431047033898,1.2,240,0.041,0.88,0.87
75,2019,W-H_all,1994,5,0,2.5,6.25,2.36942675159236,0.130573248407643,0.017049373199724,34.4226844902431,28.199887940552,1.2,240,0.039,0.85,0.85
73,2092,W-H_all,1995,6,0,3,9,2.36914893617021,0.630851063829787,0.397973064735174,832.559651425984,28.1565094042553,1.2,240,0.037,0.82,0.83
157,2249,W-H_all,1996,7,1,4,9,2.36780383795309,1.63219616204691,2.66406431140066,5991.48063634008,28.1129680597015,1.2,240,0.035,0.79,0.81
52,2301,W-H_all,1997,8,0,4,16,2.36431623931624,1.63568376068376,2.67546136496457,6156.23660078348,28.0692628632478,1.2,240,0.033,0.76,0.79
91,2392,W-H_all,1998,9,0,4.5,20.25,2.36081370449679,2.13918629550321,4.57611800686876,10946.0742724301,28.0253927623126,1.2,240,0.031,0.73,0.77
23,2415,W-H_all,1999,10,0,5,25,2.35622317596566,2.64377682403433,6.98955589530107,16879.7774871521,27.981356695279,1.2,240,0.029,0.7,0.75
47,2462,W-H_all,2000,11,0,5.5,30.25,2.3505376344086,3.1494623655914,9.91911319227656,24420.8566793849,27.9371535913978,1.2,240,0.027,0.67,0.73
44,2506,W-H_all,2001,12,0,6,36,2.34375,3.65625,13.3681640625,33500.619140625,27.8927823706896,1.2,240,0.025,0.64,0.71
103,2609,W-H_all,2002,13,0,6.5,42.25,2.33585313174946,4.16414686825054,17.3401191403608,45240.3708372013,27.8482419438445,1.2,240,0.023,0.61,0.69
78,2687,W-H_all,2003,14,0,7,49,2.32683982683983,4.67316017316017,21.8384260040104,58679.850672776,27.8035312121212,1.2,240,0.021,0.58,0.67
43,2730,W-H_all,2004,15,0,7.5,56.25,2.31670281995662,5.18329718004338,26.8665696566457,73345.7351626428,27.7586490672451,1.2,240,0.019,0.55,0.65
65,2795,W-H_all,2005,16,2,9,49,2.3054347826087,6.6945652173913,44.8172034499055,125264.083642486,27.7135943913043,1.2,240,0.017,0.52,0.63
15,2810,W-H_all,2006,17,0,8.5,72.25,2.29084967320261,6.20915032679739,38.5535477807681,108335.469263958,27.6683660566449,1.2,240,0.015,0.49,0.61
42,2852,W-H_all,2007,18,0,9,81,2.27729257641921,6.72270742358079,45.1947951030682,128895.555633951,27.6229629257642,1.2,240,0.013,0.46,0.59
47,2899,W-H_all,2008,19,0,9.5,90.25,2.26258205689278,7.23741794310722,52.3802184832104,151850.253382827,27.5773838512035,1.2,240,0.011,0.48,0.57
59,2958,W-H_all,2009,20,0,10,100,2.24671052631579,7.75328947368421,60.1134976627424,177815.726086392,27.531605745614,1.2,240,0.009,0.5,0.55
36,2994,W-H_all,2010,21,0,10.5,110.25,2.22967032967033,8.27032967032967,68.3983528559353,204784.66845067,27.4856272967033,1.2,240,0.007,0.52,0.53
51,3045,W-H_all,2011,22,0,11,121,2.21145374449339,8.78854625550661,77.2385452851792,235191.370393371,27.4394471806167,1.2,240,0.005,0.54,0.51
36,3081,W-H_all,2012,23,0,11.5,132.25,2.19205298013245,9.30794701986755,86.6378777246612,266931.301269681,27.3930640618101,1.2,240,0.009,0.56,0.49
56,3137,W-H_all,2013,24,0,12,144,2.17146017699115,9.82853982300885,96.6001950524708,303034.811879601,27.3464739380531,1.2,240,0.013,0.58,0.47
43,3180,W-H_all,2014,25,0,12.5,156.25,2.14966740576497,10.350332594235,107.129384811284,340671.443699883,27.2996754323725,1.2,240,0.017,0.6,0.45
71,3251,W-H_all,2015,26,0,13,169,2.12666666666667,10.8733333333333,118.229377777778,384363.707155556,27.2526671555556,1.2,240,0.021,0.62,0.43
44,3295,W-H_all,2016,27,0,13.5,182.25,2.10244988864143,11.3975501113586,129.90414854093,428034.169442364,27.2054477060134,1.2,240,0.025,0.64,0.41
42,3337,W-H_all,2017,28,0,14,196,2.07700892857143,11.9229910714286,142.157716089365,474380.298590213,27.1580156696429,1.2,240,0.029,0.66,0.39
34,3371,W-H_all,2018,29,0,14.5,210.25,2.0503355704698,12.4496644295302,154.99414440791,522485.260799063,27.1103696196868,1.2,240,0.033,0.68,0.37
45,3416,W-H_all,2019,0,0,0,0,2.02242152466368,-2.02242152466368,4.09018882342295,13972.0850208128,27.0625081165919,1.2,240,0.037,0.7,0.35
8,3459,W-H_all,2020,0,0,0,0,2.02696629213483,-2.02696629213483,4.10859234945083,14211.6209367504,27.0144297078652,1.2,240,0.041,0.72,0.329999999999999
42,4000,W-H_all,2021,3,2,2.5,0.25,2.03153153153153,0.468468468468469,0.219462705949193,877.85082379677,26.9661329279279,1.2,240,0.045,0.74,0.309999999999999
41,4800,W-H_all,2022,1,1,1,0,2.03047404063205,-1.03047404063205,1.06187674841655,5097.00839239945,26.9176162979684,1,1,1,0,1
42,4801,W-H_all,2023,1,1,1,0,3.03047404063205,-0.03047404063205,2.06187674841655,5098.00839239945,27.9176162979684,1,1,1,0,1
43,4802,W-H_all,2024,1,1,1,0,4.03047404063205,0.96952595936795,3.06187674841655,5099.00839239945,28.9176162979684,1,1,1,0,1
44,4803,W-H_all,2025,1,1,1,0,5.03047404063205,1.96952595936795,4.06187674841655,5100.00839239945,29.9176162979684,1,1,1,0,1
45,4804,W-H_all,2026,1,1,1,0,6.03047404063205,2.96952595936795,5.06187674841655,5101.00839239945,30.9176162979684,1,1,1,0,1
664,664,Ti-D_all,1989,27,25,26,1,2.03280542986425,23.9671945701357,574.426415562744,381419.139933662,26.868875158371,3.2,150,0.001,1,0.95
531,1195,Ti-D_all,1990,23,29,26,9,1.97845804988662,24.0215419501134,577.034477661057,689556.200804963,26.859439047619,3.2,150,0.011,0.97,0.93
388,1583,Ti-D_all,1991,34,7,20.5,182.25,1.92386363636364,18.5761363636364,345.072842200413,546250.309203254,26.8499782272727,3.2,150,0.021,0.94,0.91
214,1797,Ti-D_all,1992,9,5,7,4,1.88154897494305,5.11845102505695,26.1985408959065,47078.777989944,26.8404925284738,3.2,150,0.031,0.91,0.89
147,1944,Ti-D_all,1993,5,2,3.5,2.25,1.86986301369863,1.63013698630137,2.65734659410771,5165.88177894539,26.8309817808219,3.2,150,0.041,0.88,0.87
75,2019,Ti-D_all,1994,7,1,4,9,1.86613272311213,2.13386727688787,4.55338955537286,9193.29351229781,26.821445812357,3.2,150,0.039,0.85,0.85
73,2092,Ti-D_all,1995,4,0,2,4,1.86123853211009,0.138761467889908,0.019254744970962,40.2809264792526,26.8118899541284,3.2,150,0.037,0.82,0.83
157,2249,Ti-D_all,1996,7,6,6.5,0.25,1.86091954022989,4.63908045977012,21.5210675122209,48400.8808349848,26.8023140689655,3.2,150,0.035,0.79,0.81
52,2301,Ti-D_all,1997,4,1,2.5,2.25,1.85023041474654,0.649769585253456,0.422200513920448,971.483382530952,26.7927180184332,3.2,150,0.033,0.76,0.79
91,2392,Ti-D_all,1998,10,0,5,25,1.84872979214781,3.15127020785219,9.93050392289681,23753.7653835692,26.7831016628175,3.2,150,0.031,0.73,0.77
23,2415,Ti-D_all,1999,5,0,2.5,6.25,1.84143518518519,0.658564814814815,0.433707615312071,1047.40389097865,26.7734648611111,3.2,150,0.029,0.7,0.75
47,2462,Ti-D_all,2000,8,0,4,16,1.83990719257541,2.16009280742459,4.66600093668746,11487.6943061245,26.7638074709977,3.2,150,0.027,0.67,0.73
44,2506,Ti-D_all,2001,1,0,0.5,0.25,1.83488372093023,-1.33488372093023,1.78191454840454,4465.47785830179,26.7541293488372,3.2,150,0.025,0.64,0.71
103,2609,Ti-D_all,2002,6,1,3.5,6.25,1.83799533799534,1.66200466200466,2.76225949652523,7206.73502643433,26.7444303496503,3.2,150,0.023,0.61,0.69
78,2687,Ti-D_all,2003,14,0,7,49,1.83411214953271,5.16588785046729,26.6863972836056,71706.3495010481,26.7347103271028,3.2,150,0.021,0.58,0.67
43,2730,Ti-D_all,2004,2,0,1,1,1.82201405152225,-0.822014051522248,0.675707100900021,1844.68038545706,26.7249691334894,3.2,150,0.019,0.55,0.65
65,2795,Ti-D_all,2005,3,0,1.5,2.25,1.82394366197183,-0.323943661971831,0.10493949613172,293.305891688157,26.7152066197183,3.2,150,0.017,0.52,0.63
15,2810,Ti-D_all,2006,0,0,0,0,1.82470588235294,-1.82470588235294,3.32955155709343,9356.03987543253,26.7054226352941,3.2,150,0.015,0.49,0.61
42,2852,Ti-D_all,2007,0,0,0,0,1.82900943396226,-1.82900943396226,3.34527550952296,9540.72575315949,26.6956170283019,3.2,150,0.013,0.46,0.59
47,2899,Ti-D_all,2008,2,0,1,1,1.83333333333333,-0.833333333333333,0.694444444444444,2013.19444444444,26.6857896453901,3.2,150,0.011,0.48,0.57
59,2958,Ti-D_all,2009,5,0,2.5,6.25,1.83530805687204,0.664691943127962,0.441815379259226,1306.88989184879,26.6759166350711,3.2,150,0.009,0.5,0.55
36,2994,Ti-D_all,2010,0,0,0,0,1.83372921615202,-1.83372921615202,3.3625628381695,10067.5131374795,26.665997672209,3.2,150,0.007,0.52,0.53
51,3045,Ti-D_all,2011,1,0,0.5,0.25,1.83809523809524,-1.33809523809524,1.79049886621315,5452.06904761905,26.6560324285714,3.2,150,0.005,0.54,0.51
36,3081,Ti-D_all,2012,3,0,1.5,2.25,1.84128878281623,-0.341288782816229,0.116478033276183,358.868820523921,26.6460205727924,3.2,150,0.009,0.56,0.49
56,3137,Ti-D_all,2013,1,0,0.5,0.25,1.84210526315789,-1.34210526315789,1.80124653739612,5650.51038781163,26.6359588995215,3.2,150,0.013,0.58,0.47
43,3180,Ti-D_all,2014,3,0,1.5,2.25,1.84532374100719,-0.345323741007194,0.119248486103204,379.210185808188,26.6258470503597,3.2,150,0.017,0.6,0.45
71,3251,Ti-D_all,2015,1,0,0.5,0.25,1.84615384615385,-1.34615384615385,1.81213017751479,5891.23520710059,26.6156846634615,3.2,150,0.021,0.62,0.43
44,3295,Ti-D_all,2016,2,0,1,1,1.84939759036145,-0.849397590361446,0.72147626651183,2377.26429815648,26.605471373494,3.2,150,0.025,0.64,0.41
42,3337,Ti-D_all,2017,1,0,0.5,0.25,1.85144927536232,-1.35144927536232,1.82641514387734,6094.74733511867,26.5952068115942,3.2,150,0.029,0.66,0.39
34,3371,Ti-D_all,2018,0,0,0,0,1.8547215496368,-1.8547215496368,3.43999202668715,11596.2131219624,26.5848906053269,3.2,150,0.033,0.68,0.37
45,3416,Ti-D_all,2019,2,0,1,1,1.85922330097087,-0.859223300970874,0.738264680931285,2521.91215006127,26.5745223786408,3.2,150,0.037,0.7,0.35
8,3459,Ti-D_all,2020,3,0,1.5,2.25,1.86131386861314,-0.361313868613139,0.130547711652192,451.564534604934,26.5641017518248,3.2,150,0.041,0.72,0.329999999999999
42,4000,Ti-D_all,2021,6,3,4.5,2.25,1.86219512195122,2.63780487804878,6.95801457465794,27832.0582986318,26.5536283414634,3.2,150,0.045,0.74,0.309999999999999
41,4800,Ti-D_all,2022,9,1,5,16,1.85574572127139,3.14425427872861,9.88633496930315,47454.4078526551,26.5431017603912,3.2,150,0.046,0.73,0.29
42,4801,Ti-D_all,2023,10,2,6,17,2.85574572127139,4.14425427872861,10.8863349693031,47455.4078526551,27.5431017603912,3.2,150,0.046,0.73,0.29
43,4802,Ti-D_all,2024,11,3,7,18,3.85574572127139,5.14425427872861,11.8863349693032,47456.4078526551,28.5431017603912,3.2,150,0.046,0.73,0.29
44,4803,Ti-D_all,2025,12,4,8,19,4.85574572127139,6.14425427872861,12.8863349693032,47457.4078526551,29.5431017603912,3.2,150,0.046,0.73,0.29
45,4804,Ti-D_all,2026,13,5,9,20,5.85574572127139,7.14425427872861,13.8863349693032,47458.4078526551,30.5431017603912,3.2,150,0.046,0.73,0.29
664,664,C-H_all,1989,0,0,0,0,1.84803921568627,-1.84803921568627,3.41524894271434,2267.72529796232,26.5325377941176,0,1,0.001,1,0.95
531,1195,C-H_all,1990,0,0,0,0,1.85257985257985,-1.85257985257985,3.43205211018479,4101.30227167082,26.5962781818182,0,1,0.011,0.97,0.93
388,1583,C-H_all,1991,0,0,0,0,1.85714285714286,-1.85714285714286,3.44897959183673,5459.73469387755,26.6603522660098,0,1,0.021,0.94,0.91
214,1797,C-H_all,1992,0,0,0,0,1.86172839506173,-1.86172839506173,3.46603261697912,6228.46061271148,26.7247625185185,0,1,0.031,0.91,0.89
147,1944,C-H_all,1993,0,0,0,0,1.86633663366337,-1.86633663366337,3.48321243015391,6771.3649642192,26.7895114356436,0,1,0.041,0.88,0.87
75,2019,C-H_all,1994,3,0,1.5,2.25,1.87096774193548,-0.370967741935484,0.137617065556712,277.848855359001,26.8546015384615,0,1,0.039,0.85,0.85
73,2092,C-H_all,1995,1,0,0.5,0.25,1.87189054726368,-1.37189054726368,1.88208367367144,3937.31904532066,26.9200413432836,0,1,0.037,0.82,0.83
157,2249,C-H_all,1996,1,0,0.5,0.25,1.87531172069825,-1.37531172069825,1.89148232908999,4253.94375812339,26.9858334663342,0,1,0.035,0.79,0.81
52,2301,C-H_all,1997,0,0,0,0,1.87875,-1.87875,3.5297015625,8121.8432953125,27.05198055,0,1,0.033,0.76,0.79
91,2392,C-H_all,1998,2,0,1,1,1.88345864661654,-0.883458646616541,0.780499180281531,1866.95403923342,27.1184852631579,0,1,0.031,0.73,0.77
23,2415,C-H_all,1999,0,0,0,0,1.8856783919598,-1.8856783919598,3.55578299790409,8587.21593993839,27.1853503015075,0,1,0.029,0.7,0.75
47,2462,C-H_all,2000,0,0,0,0,1.8904282115869,-1.8904282115869,3.57371882316365,8798.49574262891,27.2525783879093,0,1,0.027,0.67,0.73
44,2506,C-H_all,2001,0,0,0,0,1.89520202020202,-1.89520202020202,3.59179069737782,9001.02748762881,27.3201722727273,0,1,0.025,0.64,0.71
103,2609,C-H_all,2002,0,0,0,0,1.9,-1.9,3.61,9418.49,27.3881347341772,0,1,0.023,0.61,0.69
78,2687,C-H_all,2003,0,0,0,0,1.90482233502538,-1.90482233502538,3.62834812801154,9749.37141996702,27.4564685786802,0,1,0.021,0.58,0.67
43,2730,C-H_all,2004,0,0,0,0,1.90966921119593,-1.90966921119593,3.64683649618968,9955.86363459783,27.5251766412214,0,1,0.019,0.55,0.65
65,2795,C-H_all,2005,0,0,0,0,1.91454081632653,-1.91454081632653,3.66546653738026,10244.9789719778,27.5942617857143,0,1,0.017,0.52,0.63
15,2810,C-H_all,2006,0,0,0,0,1.91943734015345,-1.91943734015345,3.68423970277536,10352.7135647988,27.6637269053708,0,1,0.015,0.49,0.61
42,2852,C-H_all,2007,0,0,0,0,1.92435897435897,-1.92435897435897,3.70315746219592,10561.4050821828,27.7335749230769,0,1,0.013,0.46,0.59
47,2899,C-H_all,2008,1,0,0.5,0.25,1.9293059125964,-1.4293059125964,2.04291539178303,5922.41172077901,27.8038087917738,0,1,0.011,0.48,0.57
59,2958,C-H_all,2009,3,0,1.5,2.25,1.93298969072165,-0.432989690721649,0.18748007227123,554.566053778297,27.8744057216495,0,1,0.009,0.5,0.55
36,2994,C-H_all,2010,0,0,0,0,1.93410852713178,-1.93410852713178,3.74077579472388,11199.8827294033,27.9453685271318,0,1,0.007,0.52,0.53
51,3045,C-H_all,2011,1,0,0.5,0.25,1.93911917098446,-1.43911917098446,2.07106398829499,6306.38984435824,28.0167000518135,0,1,0.005,0.54,0.51
36,3081,C-H_all,2012,0,0,0,0,1.94285714285714,-1.94285714285714,3.77469387755102,11629.8318367347,28.0884031688312,0,1,0.009,0.56,0.49
56,3137,C-H_all,2013,0,0,0,0,1.94791666666667,-1.94791666666667,3.79437934027778,11902.9679904514,28.16047765625,0,1,0.013,0.58,0.47
43,3180,C-H_all,2014,0,0,0,0,1.95300261096606,-1.95300261096606,3.81421919844024,12129.21705104,28.2329264229765,0,1,0.017,0.6,0.45
71,3251,C-H_all,2015,2,0,1,1,1.95811518324607,-0.958115183246073,0.917984704366657,2984.368273896,28.305752408377,0,1,0.021,0.62,0.43
44,3295,C-H_all,2016,0,0,0,0,1.96062992125984,-1.96062992125984,3.84406968813938,12666.2096224192,28.3789585826772,0,1,0.025,0.64,0.41
42,3337,C-H_all,2017,0,0,0,0,1.96578947368421,-1.96578947368421,3.86432825484765,12895.2633864266,28.4525479473684,0,1,0.029,0.66,0.39
34,3371,C-H_all,2018,0,0,0,0,1.97097625329815,-1.97097625329815,3.88474739106522,13095.4834552809,28.52652353562,0,1,0.033,0.68,0.37
45,3416,C-H_all,2019,0,0,0,0,1.97619047619048,-1.97619047619048,3.90532879818594,13340.6031746032,28.6008884126984,0,1,0.037,0.7,0.35
8,3459,C-H_all,2020,0,0,0,0,1.98143236074271,-1.98143236074271,3.92607420019841,13580.2906584863,28.6756456763926,0,1,0.041,0.72,0.329999999999999
42,4000,C-H_all,2021,0,0,0,0,1.98670212765957,-1.98670212765957,3.94698534404708,15787.9413761883,28.7507984574468,0,1,0.045,0.74,0.309999999999999
41,4800,C-H_all,2022,0,1,0,0,1.992,-1.992,3.968064,19046.7072,28.82634992,0,1,0.043,0.74,0.31
42,4801,C-H_all,2023,0,0,0,0,2.992,-0.992,4.968064,19047.7072,29.82634992,0,1,0.043,0.74,0.31
43,4802,C-H_all,2024,0,0,0,0,3.992,0.008,5.968064,19048.7072,30.82634992,0,1,0.043,0.74,0.31
44,4803,C-H_all,2025,0,0,0,0,4.992,1.008,6.968064,19049.7072,31.82634992,0,1,0.043,0.74,0.31
45,4804,C-H_all,2026,0,0,0,0,5.992,2.008,7.968064,19050.7072,32.82634992,0,1,0.043,0.74,0.31
664,664,Bio_all,1989,0,0,0,0,1.99732620320856,-1.99732620320856,3.98931196202351,2648.90314278361,28.9023064705882,0,0,0,0,0.0001
531,1195,Bio_all,1990,0,0,0,0,2.00268096514745,-2.00268096514745,4.01073104816393,4792.8236025559,28.9797924932976,0,0,0,0,0
388,1583,Bio_all,1991,0,0,0,0,2.00806451612903,-2.00806451612903,4.03232310093653,6383.16746878252,29.0576951612903,0,0,0,0,0
214,1797,Bio_all,1992,0,0,0,0,2.01347708894879,-2.01347708894879,4.05408998772168,7285.19970793586,29.1360177897574,0,0,0,0,0
147,1944,Bio_all,1993,1,0,0.5,0.25,2.01891891891892,-1.51891891891892,2.30711468224982,4485.03094229365,29.2147637837838,0,0,0,0,0
75,2019,Bio_all,1994,0,0,0,0,2.0230352303523,-2.0230352303523,4.0926715432466,8263.10384581488,29.2939365853659,0,0,0,0,0
73,2092,Bio_all,1995,1,0,0.5,0.25,2.02853260869565,-1.52853260869565,2.33641193584594,4887.7737697897,29.373539673913,0,0,0,0,0
157,2249,Bio_all,1996,1,0,0.5,0.25,2.03269754768392,-1.53269754768392,2.34916177267631,5283.26482674903,29.4535765667575,0,0,0,0,0
52,2301,Bio_all,1997,0,0,0,0,2.03688524590164,-2.03688524590164,4.14890150497178,9546.62236294007,29.5340508196721,0,0,0,0,0
91,2392,Bio_all,1998,1,0,0.5,0.25,2.04246575342466,-1.54246575342466,2.3792006004879,5691.04783636705,29.6149660273973,0,0,0,0,0
23,2415,Bio_all,1999,1,0,0.5,0.25,2.0467032967033,-1.5467032967033,2.39229108803285,5777.38297759932,29.6963258241758,0,0,0,0,0
47,2462,Bio_all,2000,1,0,0.5,0.25,2.05096418732782,-1.55096418732782,2.40548991037346,5922.31615933945,29.7781338842975,0,0,0,0,0
44,2506,Bio_all,2001,0,0,0,0,2.05524861878453,-2.05524861878453,4.22404688501572,10585.4614938494,29.8603939226519,0,0,0,0,0
103,2609,Bio_all,2002,2,0,1,1,2.06094182825485,-1.06094182825485,1.12559756294074,2936.68404171239,29.9431096952909,0,0,0,0,0
78,2687,Bio_all,2003,2,0,1,1,2.06388888888889,-1.06388888888889,1.13185956790124,3041.30665895062,30.026285,0,0,0,0,0
43,2730,Bio_all,2004,3,0,1.5,2.25,2.06685236768802,-0.566852367688022,0.321321606753517,877.207986437101,30.1099236768802,0,0,0,0,0
65,2795,Bio_all,2005,1,0,0.5,0.25,2.06843575418994,-1.56843575418994,2.45999071502138,6875.67404848476,30.1940296089385,0,0,0,0,0
15,2810,Bio_all,2006,0,0,0,0,2.07282913165266,-2.07282913165266,4.29662060902793,12073.5039113685,30.2786067226891,0,0,0,0,0
42,2852,Bio_all,2007,0,0,0,0,2.07865168539326,-2.07865168539326,4.32079282918823,12322.9011488448,30.363658988764,0,0,0,0,0
47,2899,Bio_all,2008,1,0,0.5,0.25,2.08450704225352,-1.58450704225352,2.510662566951,7278.41078159095,30.4491904225352,0,0,0,0,0
59,2958,Bio_all,2009,0,0,0,0,2.08898305084746,-2.08898305084746,4.36385018672795,12908.2688523413,30.5352050847458,0,0,0,0,0
36,2994,Bio_all,2010,0,0,0,0,2.09490084985836,-2.09490084985836,4.38860957073727,13139.4970547874,30.621707082153,0,0,0,0,0
51,3045,Bio_all,2011,1,0,0.5,0.25,2.10085227272727,-1.60085227272727,2.56272799909607,7803.50675724755,30.7087005681818,0,0,0,0,0
36,3081,Bio_all,2012,0,0,0,0,2.10541310541311,-2.10541310541311,4.43276434444526,13657.3469452358,30.7961897435897,0,0,0,0,0
56,3137,Bio_all,2013,0,0,0,0,2.11142857142857,-2.11142857142857,4.4581306122449,13985.1557306122,30.8841788571429,0,0,0,0,0
43,3180,Bio_all,2014,0,0,0,0,2.11747851002865,-2.11747851002865,4.48371524043317,14258.2144645775,30.9726722063037,0,0,0,0,0
71,3251,Bio_all,2015,1,0,0.5,0.25,2.1235632183908,-1.6235632183908,2.63595752411151,8569.49791088651,31.061674137931,0,0,0,0,0
44,3295,Bio_all,2016,0,0,0,0,2.12824207492795,-2.12824207492795,4.52941432949364,14924.4202156816,31.1511890489913,0,0,0,0,0
42,3337,Bio_all,2017,2,0,1,1,2.13439306358381,-1.13439306358381,1.28684762270707,4294.2105169735,31.2412213872832,0,0,0,0,0
34,3371,Bio_all,2018,1,0,0.5,0.25,2.13768115942029,-1.63768115942029,2.68199957992019,9041.02058391095,31.3317756521739,0,0,0,0,0
45,3416,Bio_all,2019,4,0,2,4,2.14244186046512,-0.142441860465116,0.020289683612764,69.3095592212007,31.4228563953488,0,0,0,0,0
8,3459,Bio_all,2020,2,0,1,1,2.14285714285714,-1.14285714285714,1.30612244897959,4517.87755102041,31.5144682215743,0,0,0,0,0
42,4000,Bio_all,2021,0,0,0,0,2.14619883040936,-2.14619883040936,4.60616941965049,18424.677678602,31.6066157894737,0,0,0,0,0
41,4800,Bio_all,2022,0,0,0,0,2.1524926686217,-2.1524926686217,4.63322468847017,22239.4785046568,31.6993038123167,0,0,0,0,0
42,4801,Bio_all,2023,0,0,0,0,3.1524926686217,-1.1524926686217,5.63322468847017,22240.4785046568,32.6993038123167,0,0,0,0,0
43,4802,Bio_all,2024,0,0,0,0,4.1524926686217,-0.1524926686217,6.63322468847017,22241.4785046568,33.6993038123167,0,0,0,0,0
44,4803,Bio_all,2025,0,0,0,0,5.1524926686217,0.8475073313783,7.63322468847017,22242.4785046568,34.6993038123167,0,0,0,0,0
45,4804,Bio_all,2026,0,0,0,0,6.1524926686217,1.8475073313783,8.63322468847017,22243.4785046568,35.6993038123167,0,0,0,0,0
664,664,Piez_all,1989,5,0,0,0,2.15882352941176,-2.15882352941176,4.66051903114187,3094.5846366782,31.7925370588235,0,0,0,0,0
531,1195,Piez_all,1990,6,0,0,0,2.16519174041298,-2.16519174041298,4.68805527275259,5602.22605093934,31.8863203539823,0,0,0,0,0
388,1583,Piez_all,1991,7,1,0.5,0.25,2.17159763313609,-1.6715976331361,2.79423864710619,4423.27977836911,31.9806585798817,0,0,0,0,0
214,1797,Piez_all,1992,8,0,0.5,0.25,2.17655786350148,-1.67655786350148,2.81084626966866,5051.09074659458,32.0755566765579,0,0,0,0,0
147,1944,Piez_all,1993,9,0,0.5,0.25,2.18154761904762,-1.68154761904762,2.82760239512472,5496.85905612245,32.1710196428571,0,0,0,0,0
75,2019,Piez_all,1994,10,0,0,0,2.1865671641791,-2.1865671641791,4.78107596346625,9652.99237023836,32.2670525373134,0,0,0,0,0
73,2092,Piez_all,1995,11,0,0,0,2.19311377245509,-2.19311377245509,4.8097480189322,10061.9928556062,32.3636604790419,0,0,0,0,0
157,2249,Piez_all,1996,12,0,0.5,0.25,2.1996996996997,-1.6996996996997,2.88897906915925,6497.31392653915,32.4608486486486,0,0,0,0,0
52,2301,Piez_all,1997,13,0,0.5,0.25,2.20481927710843,-1.70481927710843,2.90640876760052,6687.6465742488,32.5586222891566,0,0,0,0,0
91,2392,Piez_all,1998,14,0,0,0,2.20996978851964,-2.20996978851964,4.88396646616953,11682.4477870775,32.6569867069486,0,0,0,0,0
23,2415,Piez_all,1999,15,0,0,0,2.21666666666667,-2.21666666666667,4.91361111111111,11866.3708333333,32.7559472727273,0,0,0,0,0
47,2462,Piez_all,2000,16,0,0,0,2.22340425531915,-2.22340425531915,4.9435264825713,12170.9622000905,32.8555094224924,0,0,0,0,0
44,2506,Piez_all,2001,17,0,0,0,2.23018292682927,-2.23018292682927,4.97371588712076,12464.1320131246,32.9556786585366,0,0,0,0,0
103,2609,Piez_all,2002,18,0,0,0,2.23700305810398,-2.23700305810398,5.00418268196654,13055.9126172507,33.0564605504587,0,0,0,0,0
78,2687,Piez_all,2003,19,0,0,0,2.24386503067485,-2.24386503067485,5.03493027588543,13528.8576513042,33.1578607361963,0,0,0,0,0
43,2730,Piez_all,2004,20,0,0,0,2.25076923076923,-2.25076923076923,5.06596213017752,13830.0766153846,33.2598849230769,0,0,0,0,0
65,2795,Piez_all,2005,21,0,0,0,2.25771604938272,-2.25771604938272,5.0972817596403,14246.9025181946,33.3625388888889,0,0,0,0,0
15,2810,Piez_all,2006,22,0,0,0,2.26470588235294,-2.26470588235294,5.12889273356401,14412.1885813149,33.4658284829721,0,0,0,0,0
42,2852,Piez_all,2007,23,0,0,0,2.27173913043478,-2.27173913043478,5.16079867674858,14718.597826087,33.5697596273292,0,0,0,0,0
47,2899,Piez_all,2008,24,0,0,0,2.27881619937695,-2.27881619937695,5.19300327054279,15054.5164813036,33.674338317757,0,0,0,0,0
59,2958,Piez_all,2009,25,0,2.5,6.25,2.2859375,0.2140625,0.04582275390625,135.543706054687,33.779570625,0,0,0,0,0
36,2994,Piez_all,2010,26,0,0.5,0.25,2.28526645768025,-1.78526645768025,3.18717632491819,9542.40591680506,33.8854626959248,0,0,0,0,0
51,3045,Piez_all,2011,27,0,0,0,2.29088050314465,-2.29088050314465,5.2481334796883,15980.5664456509,33.992020754717,0,0,0,0,0
36,3081,Piez_all,2012,28,0,0.5,0.25,2.2981072555205,-1.7981072555205,3.23318970235548,9961.45747295724,34.0992511041009,0,0,0,0,0
56,3137,Piez_all,2013,29,1,1,0,2.30379746835443,-1.30379746835443,1.69988783848742,5332.54814933504,34.2071601265823,0,0,0,0,0
43,3180,Piez_all,2014,30,0,0,0,2.30793650793651,-2.30793650793651,5.32657092466616,16938.4955404384,34.3157542857143,0,0,0,0,0
71,3251,Piez_all,2015,31,0,0.5,0.25,2.31528662420382,-1.81528662420382,3.29526552801331,10712.9082315713,34.4250401273885,0,0,0,0,0
44,3295,Piez_all,2016,32,0,0.5,0.25,2.32108626198083,-1.82108626198083,3.31635517357531,10927.3902969307,34.5350242811502,0,0,0,0,0
42,3337,Piez_all,2017,33,0,0,0,2.32692307692308,-2.32692307692308,5.41457100591716,18068.4234467456,34.6457134615385,0,0,0,0,0
34,3371,Piez_all,2018,34,0,0.5,0.25,2.33440514469453,-1.83440514469453,3.36504223488177,11343.5573737865,34.7571144694534,0,0,0,0,0
45,3416,Piez_all,2019,35,0,0,0,2.34032258064516,-2.34032258064516,5.47710978147763,18709.8070135276,34.8692341935484,0,0,0,0,0
8,3459,Piez_all,2020,36,0,0,0,2.34789644012945,-2.34789644012945,5.51261769357254,19068.1446020674,34.9820796116505,0,0,0,0,0
42,4000,Piez_all,2021,37,0,0,0,2.35551948051948,-2.35551948051948,5.54847202310676,22193.888092427,35.0956577922078,0,0,0,0,0
41,4800,Piez_all,2022,38,0,0,0,2.36319218241042,-2.36319218241042,5.58467729100574,26806.4509968275,35.2099758957655,0,0,0,0,0
42,4801,Piez_all,2023,39,0,0,0,3.36319218241042,-1.36319218241042,6.58467729100574,26807.4509968275,36.2099758957655,0,0,0,0,0
43,4802,Piez_all,2024,40,0,0,0,4.36319218241042,-0.36319218241042,7.58467729100574,26808.4509968275,37.2099758957655,0,0,0,0,0
44,4803,Piez_all,2025,41,0,0,0,5.36319218241042,0.63680781758958,8.58467729100574,26809.4509968275,38.2099758957655,0,0,0,0,0
45,4804,Piez_all,2026,42,0,0,0,6.36319218241042,1.63680781758958,9.58467729100574,26810.4509968275,39.2099758957655,0,0,0,0,0
664,664,Cavity_all,1989,0,0,0,0,2.37091503267974,-2.37091503267974,5.62123809218677,3732.50209321201,35.3250411764706,0,0,0,0,0
531,1195,Cavity_all,1990,1,0,0.5,0.25,2.37868852459016,-1.87868852459016,3.52947057242677,4217.71733404999,35.4408609836066,0,0,0,0,0
388,1583,Cavity_all,1991,1,0,0.5,0.25,2.38486842105263,-1.88486842105263,3.55272896468144,5623.96995109072,35.5574427631579,0,0,0,0,0
214,1797,Cavity_all,1992,1,0,0.5,0.25,2.39108910891089,-1.89108910891089,3.57621801784139,6426.46377806097,35.6747940594059,0,0,0,0,0
147,1944,Cavity_all,1993,2,0,1,1,2.39735099337748,-1.39735099337748,1.95258979869304,3795.83456865927,35.7929225165563,0,0,0,0,0
75,2019,Cavity_all,1994,0,0,0,0,2.40199335548173,-2.40199335548173,5.76957207977837,11648.7660290725,35.9118358803987,0,0,0,0,0
73,2092,Cavity_all,1995,0,0,0,0,2.41,-2.41,5.8081,12150.5452,36.031542,0,0,0,0,0
157,2249,Cavity_all,1996,4,0,2,4,2.4180602006689,-0.418060200668896,0.174774331383318,393.067471281082,36.1520488294314,0,0,0,0,0
52,2301,Cavity_all,1997,1,0,0.5,0.25,2.41946308724832,-1.91946308724832,3.68433854330886,8477.66298815369,36.2733644295302,0,0,0,0,0
91,2392,Cavity_all,1998,5,0,2.5,6.25,2.42592592592593,0.074074074074074,0.005486968449931,13.1248285322359,36.395496969697,0,0,0,0,0
23,2415,Cavity_all,1999,1,0,0.5,0.25,2.42567567567568,-1.92567567567568,3.70822680788897,8955.36774105186,36.5184547297297,0,0,0,0,0
47,2462,Cavity_all,2000,1,0,0.5,0.25,2.43220338983051,-1.93220338983051,3.73340993967251,9191.65527147372,36.6422461016949,0,0,0,0,0
44,2506,Cavity_all,2001,1,1,1,0,2.43877551020408,-1.43877551020408,2.07007496876302,5187.60787172012,36.7668795918367,0,0,0,0,0
103,2609,Cavity_all,2002,6,1,3.5,6.25,2.44368600682594,1.05631399317406,1.11579925217533,2911.12024892544,36.8923638225256,0,0,0,0,0
78,2687,Cavity_all,2003,3,0,1.5,2.25,2.44006849315068,-0.940068493150685,0.883728771814599,2374.57920986583,37.0187075342466,0,0,0,0,0
43,2730,Cavity_all,2004,3,0,1.5,2.25,2.44329896907217,-0.943298969072165,0.88981294505261,2429.18933999362,37.1459195876289,0,0,0,0,0
65,2795,Cavity_all,2005,3,0,1.5,2.25,2.44655172413793,-0.946551724137931,0.89596016646849,2504.20866527943,37.2740089655172,0,0,0,0,0
15,2810,Cavity_all,2006,5,0,2.5,6.25,2.44982698961938,0.050173010380623,0.002517330970654,7.07370002753804,37.4029847750865,0,0,0,0,0
42,2852,Cavity_all,2007,2,0,1,1,2.44965277777778,-1.44965277777778,2.10149317611883,5993.45853829089,37.53285625,0,0,0,0,0
47,2899,Cavity_all,2008,3,0,1.5,2.25,2.45470383275261,-0.954703832752613,0.91145940827253,2642.32082458206,37.6636327526132,0,0,0,0,0
59,2958,Cavity_all,2009,3,0,1.5,2.25,2.45804195804196,-0.958041958041958,0.917844393368869,2714.98371558511,37.7953237762238,0,0,0,0,0
36,2994,Cavity_all,2010,1,0,0.5,0.25,2.46140350877193,-1.96140350877193,3.84710372422284,11518.2285503232,37.9279389473684,0,0,0,0,0
51,3045,Cavity_all,2011,0,0,0,0,2.46830985915493,-2.46830985915493,6.09255356080143,18551.8255926403,38.061488028169,0,0,0,0,0
36,3081,Cavity_all,2012,4,1,2.5,2.25,2.47703180212014,0.022968197879859,0.000527538113848,1.62534492876677,38.1959809187279,0,0,0,0,0
56,3137,Cavity_all,2013,0,0,0,0,2.47695035460993,-2.47695035460993,6.13528305920225,19246.3829567175,38.3314276595745,0,0,0,0,0
43,3180,Cavity_all,2014,2,0,1,1,2.48576512455516,-1.48576512455516,2.20749800534441,7019.84365699523,38.4678384341637,0,0,0,0,0
71,3251,Cavity_all,2015,2,0,1,1,2.49107142857143,-1.49107142857143,2.22329400510204,7227.92881058673,38.6052235714286,0,0,0,0,0
44,3295,Cavity_all,2016,3,0,1.5,2.25,2.49641577060932,-0.996415770609319,0.992844387918963,3271.42225819298,38.7435935483871,0,0,0,0,0
42,3337,Cavity_all,2017,1,0,0.5,0.25,2.5,-2,4,13348,38.8829589928058,0,0,0,0,0
34,3371,Cavity_all,2018,0,0,0,0,2.5072202166065,-2.5072202166065,6.28615321456034,21190.6224862829,39.0233306859206,0,0,0,0,0
45,3416,Cavity_all,2019,2,0,1,1,2.51630434782609,-1.51630434782609,2.29917887523629,7853.99503780718,39.1647195652174,0,0,0,0,0
8,3459,Cavity_all,2020,0,0,0,0,2.52181818181818,-2.52181818181818,6.35956694214876,21997.7420528926,39.3071367272727,0,0,0,0,0
42,4000,Cavity_all,2021,0,0,0,0,2.53102189781022,-2.53102189781022,6.40607184719484,25624.2873887794,39.4505934306569,0,0,0,0,0
41,4800,Cavity_all,2022,1,0,0.5,0.25,2.54029304029304,-2.04029304029304,4.16279569026822,19981.4193132874,39.5951010989011,0,0,0,0,0
42,4801,Cavity_all,2023,2,0,1.5,1.25,3.54029304029304,-1.04029304029304,5.16279569026822,19982.4193132874,40.5951010989011,0,0,0,0,0
43,4802,Cavity_all,2024,3,0,2.5,2.25,4.54029304029304,-0.04029304029304,6.16279569026822,19983.4193132874,41.5951010989011,0,0,0,0,0
44,4803,Cavity_all,2025,4,0,3.5,3.25,5.54029304029304,0.95970695970696,7.16279569026822,19984.4193132874,42.5951010989011,0,0,0,0,0
45,4804,Cavity_all,2026,5,0,4.5,4.25,6.54029304029304,1.95970695970696,8.16279569026822,19985.4193132874,43.5951010989011,0,0,0,0,0
664,664,Pd-D_Group,1989,29,47,38,81,2.54779411764706,35.4522058823529,1256.85890192474,834554.310878028,39.7406713235294,2.4,800,0.001,1,0.95
531,1195,Pd-D_Group,1990,47,39,43,16,2.4169741697417,40.5830258302583,1646.98198553941,1968143.4727196,39.2936988929889,2.4,800,0.011,0.97,0.93
388,1583,Pd-D_Group,1991,48,18,33,225,2.26666666666667,30.7333333333333,944.537777777778,1495203.30222222,38.8434451851852,2.4,800,0.021,0.94,0.91
214,1797,Pd-D_Group,1992,37,8,22.5,210.25,2.15241635687732,20.3475836431227,414.024160113874,744001.415724631,38.3898736059479,2.4,800,0.031,0.91,0.89
147,1944,Pd-D_Group,1993,38,7,22.5,240.25,2.07649253731343,20.4235074626866,417.119657078414,810880.613360436,37.9329470149254,2.4,800,0.041,0.88,0.87
75,2019,Pd-D_Group,1994,20,3,11.5,72.25,2,9.5,90.25,182214.75,37.4726277153558,2.4,800,0.039,0.85,0.85
73,2092,Pd-D_Group,1995,24,5,14.5,90.25,1.96428571428571,12.5357142857143,157.144132653061,328745.525510204,37.0088864661654,2.4,800,0.037,0.82,0.83
157,2249,Pd-D_Group,1996,34,9,21.5,156.25,1.91698113207547,19.5830188679245,383.494627981488,862479.418330367,36.5416845283019,2.4,800,0.035,0.79,0.81
52,2301,Pd-D_Group,1997,17,2,9.5,56.25,1.84280303030303,7.65719696969697,58.6326654327365,134913.763160727,36.0709825757576,2.4,800,0.033,0.76,0.79
91,2392,Pd-D_Group,1998,31,3,17,196,1.81368821292776,15.1863117870722,230.624065694169,551652.765140453,35.5967406844106,2.4,800,0.031,0.73,0.77
23,2415,Pd-D_Group,1999,12,1,6.5,30.25,1.75572519083969,4.74427480916031,22.5081434648331,54357.1664675718,35.1189183206107,2.4,800,0.029,0.7,0.75
47,2462,Pd-D_Group,2000,17,0,8.5,72.25,1.73754789272031,6.76245210727969,45.7307585032516,112589.127435005,34.6374743295019,2.4,800,0.027,0.67,0.73
44,2506,Pd-D_Group,2001,7,1,4,9,1.71153846153846,2.28846153846154,5.23705621301775,13124.0628698225,34.1523669230769,2.4,800,0.025,0.64,0.71
103,2609,Pd-D_Group,2002,19,1,10,81,1.7027027027027,8.2972972972973,68.845142439737,179616.976625274,33.6635536679537,2.4,800,0.023,0.61,0.69
78,2687,Pd-D_Group,2003,20,0,10,100,1.67054263565891,8.32945736434109,69.3798599843759,186423.683778018,33.1709914728682,2.4,800,0.021,0.58,0.67
43,2730,Pd-D_Group,2004,14,2,8,36,1.63813229571984,6.36186770428016,40.4733606867629,110492.274674863,32.6746365758755,2.4,800,0.019,0.55,0.65
65,2795,Pd-D_Group,2005,13,0,6.5,42.25,1.61328125,4.88671875,23.8800201416016,66744.6562957764,32.17444453125,2.4,800,0.017,0.52,0.63
15,2810,Pd-D_Group,2006,6,0,3,9,1.59411764705882,1.40588235294118,1.97650519031142,5553.97958477509,31.6703701960784,2.4,800,0.015,0.49,0.61
42,2852,Pd-D_Group,2007,15,2,8.5,42.25,1.58858267716535,6.91141732283465,47.7676894103788,136233.4501984,31.1623677165354,2.4,800,0.013,0.46,0.59
47,2899,Pd-D_Group,2008,19,0,9.5,90.25,1.56126482213439,7.93873517786561,63.023516224281,182705.173534191,30.650390513834,2.4,800,0.011,0.48,0.57
59,2958,Pd-D_Group,2009,20,1,10.5,90.25,1.5297619047619,8.9702380952381,80.4651714852608,238015.977253401,30.1343515873016,2.4,800,0.009,0.5,0.55
36,2994,Pd-D_Group,2010,7,2,4.5,6.25,1.49402390438247,3.00597609561753,9.03589228742401,27053.4615085475,29.6142023904382,2.4,800,0.007,0.52,0.53
51,3045,Pd-D_Group,2011,15,1,8,49,1.482,6.518,42.484324,129364.76658,29.0898936,2.4,800,0.005,0.54,0.51
36,3081,Pd-D_Group,2012,16,2,9,49,1.45582329317269,7.54417670682731,56.9146021838358,175353.889328398,28.5613751004016,2.4,800,0.009,0.56,0.49
56,3137,Pd-D_Group,2013,7,0,3.5,12.25,1.42540322580645,2.07459677419355,4.30395177549428,13501.4967197255,28.0285911290323,2.4,800,0.013,0.58,0.47
43,3180,Pd-D_Group,2014,19,0,9.5,90.25,1.417004048583,8.082995951417,65.3348235506237,207764.738890983,27.4914898785425,2.4,800,0.017,0.6,0.45
71,3251,Pd-D_Group,2015,9,0,4.5,20.25,1.38414634146341,3.11585365853659,9.70854402141583,31562.4766136228,26.950018699187,2.4,800,0.021,0.62,0.43
44,3295,Pd-D_Group,2016,8,1,4.5,12.25,1.37142857142857,3.12857142857143,9.78795918367347,32251.3255102041,26.4041240816326,2.4,800,0.025,0.64,0.41
42,3337,Pd-D_Group,2017,11,0,5.5,30.25,1.35860655737705,4.14139344262295,17.1511396466004,57233.3530007055,25.8537516393443,2.4,800,0.029,0.66,0.39
34,3371,Pd-D_Group,2018,7,0,3.5,12.25,1.34156378600823,2.15843621399177,4.65884688987112,15704.9728657556,25.298846090535,2.4,800,0.033,0.68,0.37
45,3416,Pd-D_Group,2019,9,1,5,16,1.33264462809917,3.66735537190083,13.4494954238098,45943.4763677344,24.7393512396694,2.4,800,0.037,0.7,0.35
8,3459,Pd-D_Group,2020,5,1,3,4,1.31742738589212,1.68257261410788,2.83105060174584,9792.60403143885,24.1752099585062,2.4,800,0.041,0.72,0.329999999999999
42,4000,Pd-D_Group,2021,29,47,38,81,1.31041666666667,36.6895833333333,1346.12552517361,5384502.10069444,23.6063641666667,2.4,800,0.045,0.74,0.309999999999999
41,4800,Pd-D_Group,2022,47,39,43,16,1.15690376569038,41.8430962343096,1750.8447024737,8404054.57187374,23.0327548117155,2.4,800,0.049,0.76,0.289999999999999
42,4801,Pd-D_Group,2023,48,40,44,17,2.15690376569038,42.8430962343096,1751.8447024737,8404055.57187374,24.0327548117155,2.4,800,0.049,0.76,0.289999999999999
43,4802,Pd-D_Group,2024,49,41,45,18,3.15690376569038,43.8430962343096,1752.8447024737,8404056.57187374,25.0327548117155,2.4,800,0.049,0.76,0.289999999999999
44,4803,Pd-D_Group,2025,50,42,46,19,4.15690376569038,44.8430962343096,1753.8447024737,8404057.57187374,26.0327548117155,2.4,800,0.049,0.76,0.289999999999999
45,4804,Pd-D_Group,2026,51,43,47,20,5.15690376569038,45.8430962343096,1754.8447024737,8404058.57187374,27.0327548117155,2.4,800,0.049,0.76,0.289999999999999
664,664,Ni-H_Group,1989,0,1,0.5,0.25,0.98109243697479,-0.48109243697479,0.231449932914342,153.682755455123,22.4543218487395,5.2,380,0.001,1,0.95
531,1195,Ni-H_Group,1990,1,0,0.5,0.25,0.983122362869198,-0.483122362869198,0.233407217504317,278.921624917659,22.2223561181435,5.2,380,0.011,0.97,0.93
388,1583,Ni-H_Group,1991,1,0,0.5,0.25,0.985169491525424,-0.485169491525424,0.235389435507038,372.621476407642,21.9884584745763,5.2,380,0.021,0.94,0.91
214,1797,Ni-H_Group,1992,5,0,2.5,6.25,0.987234042553192,1.51276595744681,2.28846084200996,4112.3641330919,21.7526042553191,5.2,380,0.031,0.91,0.89
147,1944,Ni-H_Group,1993,8,0,4,16,0.980769230769231,3.01923076923077,9.11575443786982,17721.0266272189,21.5147683760684,5.2,380,0.041,0.88,0.87
75,2019,Ni-H_Group,1994,4,0,2,4,0.967811158798283,1.03218884120172,1.06541380390134,2151.07047007681,21.2749253218884,5.2,380,0.039,0.85,0.85
73,2092,Ni-H_Group,1995,3,2,2.5,0.25,0.963362068965517,1.53663793103448,2.36125613109394,4939.74782624851,21.0330594827586,5.2,380,0.037,0.82,0.83
157,2249,Ni-H_Group,1996,6,1,3.5,6.25,0.956709956709957,2.54329004329004,6.46832424429827,14547.2612254268,20.7891445887446,5.2,380,0.035,0.79,0.81
52,2301,Ni-H_Group,1997,2,0,1,1,0.945652173913043,0.054347826086957,0.002953686200378,6.79643194706995,20.5431539130435,5.2,380,0.033,0.76,0.79
91,2392,Ni-H_Group,1998,7,0,3.5,12.25,0.945414847161572,2.55458515283843,6.52590530310254,15609.9654850213,20.2950602620087,5.2,380,0.031,0.73,0.77
23,2415,Ni-H_Group,1999,4,1,2.5,2.25,0.934210526315789,1.56578947368421,2.45169667590028,5920.84747229917,20.0448359649123,5.2,380,0.029,0.7,0.75
47,2462,Ni-H_Group,2000,3,0,1.5,2.25,0.927312775330396,0.572687224669604,0.327970657299773,807.463758272041,19.7924528634361,5.2,380,0.027,0.67,0.73
44,2506,Ni-H_Group,2001,1,0,0.5,0.25,0.924778761061947,-0.424778761061947,0.180436995849323,452.175111598402,19.537882300885,5.2,380,0.025,0.64,0.71
103,2609,Ni-H_Group,2002,6,0,3,9,0.926666666666667,2.07333333333333,4.29871111111111,11215.3372888889,19.2810951111111,5.2,380,0.023,0.61,0.69
78,2687,Ni-H_Group,2003,1,0,0.5,0.25,0.917410714285714,-0.417410714285714,0.17423170440051,468.160589724171,19.0220616071429,5.2,380,0.021,0.58,0.67
43,2730,Ni-H_Group,2004,5,0,2.5,6.25,0.919282511210762,1.58071748878924,2.49866777936415,6821.36303766414,18.7607515695067,5.2,380,0.019,0.55,0.65
65,2795,Ni-H_Group,2005,5,0,2.5,6.25,0.912162162162162,1.58783783783784,2.52122899926954,7046.83505295836,18.4971342342342,5.2,380,0.017,0.52,0.63
15,2810,Ni-H_Group,2006,2,0,1,1,0.904977375565611,0.095022624434389,0.009029299154399,25.3723306238611,18.231178280543,5.2,380,0.015,0.49,0.61
42,2852,Ni-H_Group,2007,3,0,1.5,2.25,0.904545454545455,0.595454545454545,0.354566115702479,1011.22256198347,17.9628518181818,5.2,380,0.013,0.46,0.59
47,2899,Ni-H_Group,2008,4,0,2,4,0.901826484018265,1.09817351598174,1.20598507120369,3496.15072141949,17.6921223744292,5.2,380,0.011,0.48,0.57
59,2958,Ni-H_Group,2009,3,1,2,1,0.896788990825688,1.10321100917431,1.2170745307634,3600.10646199815,17.4189110091743,5.2,380,0.009,0.5,0.55
36,2994,Ni-H_Group,2010,4,0,2,4,0.891705069124424,1.10829493087558,1.2283176538045,3677.58305549067,17.1431834101383,5.2,380,0.007,0.52,0.53
51,3045,Ni-H_Group,2011,8,1,4.5,12.25,0.886574074074074,3.61342592592593,13.0568469221536,39758.0988779578,16.8649046296296,5.2,380,0.005,0.54,0.51
36,3081,Ni-H_Group,2012,9,3,6,9,0.869767441860465,5.13023255813954,26.3192861005949,81089.7204759329,16.5840390697674,5.2,380,0.009,0.56,0.49
56,3137,Ni-H_Group,2013,8,0,4,16,0.845794392523364,3.15420560747664,9.94901301423705,31210.0538256616,16.3005448598131,5.2,380,0.013,0.58,0.47
43,3180,Ni-H_Group,2014,10,1,5.5,20.25,0.830985915492958,4.66901408450704,21.7996925213251,69323.0222178139,16.0143849765258,5.2,380,0.017,0.6,0.45
71,3251,Ni-H_Group,2015,14,3,8.5,30.25,0.808962264150943,7.69103773584906,59.1520614542542,192303.35178778,15.7255216981132,5.2,380,0.021,0.62,0.43
44,3295,Ni-H_Group,2016,6,1,3.5,6.25,0.772511848341232,2.72748815165877,7.43919161743896,24512.1363794614,15.4339165876777,5.2,380,0.025,0.64,0.41
42,3337,Ni-H_Group,2017,9,2,5.5,12.25,0.75952380952381,4.74047619047619,22.4721145124717,74989.4461281179,15.1395304761905,5.2,380,0.029,0.66,0.39
34,3371,Ni-H_Group,2018,7,0,3.5,12.25,0.736842105263158,2.76315789473684,7.63504155124654,25737.7250692521,14.8423234449761,5.2,380,0.033,0.68,0.37
45,3416,Ni-H_Group,2019,8,1,4.5,12.25,0.723557692307692,3.77644230769231,14.2615165033284,48717.3403753698,14.5422548076923,5.2,380,0.037,0.7,0.35
8,3459,Ni-H_Group,2020,7,0,3.5,12.25,0.705314009661836,2.79468599033816,7.81026978459241,27015.7231849051,14.2392830917874,5.2,380,0.041,0.72,0.329999999999999
42,4000,Ni-H_Group,2021,0,1,0.5,0.25,0.691747572815534,-0.191747572815534,0.036767131680649,147.068526722594,13.9333660194175,5.2,380,0.045,0.74,0.309999999999999
41,4800,Ni-H_Group,2022,1,0,0.5,0.25,0.692682926829268,-0.192682926829268,0.037126710291493,178.208209399167,13.6244604878049,5.2,380,0.045,0.74,0.309
42,4801,Ni-H_Group,2023,2,0,1.5,1.25,1.69268292682927,0.807317073170732,1.03712671029149,179.208209399167,14.6244604878049,5.2,380,0.045,0.74,0.309
43,4802,Ni-H_Group,2024,3,1,2.5,2.25,2.69268292682927,1.80731707317073,2.03712671029149,180.208209399167,15.6244604878049,6.2,381,1.045,1.74,1.309
44,4803,Ni-H_Group,2025,4,2,3.5,3.25,3.69268292682927,2.80731707317073,3.03712671029149,181.208209399167,16.6244604878049,7.2,382,2.045,2.74,2.309
45,4804,Ni-H_Group,2026,5,3,4.5,4.25,4.69268292682927,3.80731707317073,4.03712671029149,182.208209399167,17.6244604878049,8.2,383,3.045,3.74,3.309
664,664,W-H_Group,1989,0,0,0,0,0.693627450980392,-0.693627450980392,0.481119040753556,319.463043060361,13.3125274509804,1.2,240,0.001,1,0.95
531,1195,W-H_Group,1990,0,0,0,0,0.697044334975369,-0.697044334975369,0.485870804921255,580.6156118809,13.1385487684729,1.2,240,0.011,0.97,0.93
388,1583,W-H_Group,1991,0,0,0,0,0.70049504950495,-0.70049504950495,0.490693314380943,776.767516665033,12.9628871287129,1.2,240,0.021,0.94,0.91
214,1797,W-H_Group,1992,0,0,0,0,0.703980099502487,-0.703980099502487,0.495587980495532,890.571600950471,12.7855174129353,1.2,240,0.031,0.91,0.89
147,1944,W-H_Group,1993,1,0,0.5,0.25,0.7075,-0.2075,0.04305625,83.70135,12.606414,1.2,240,0.041,0.88,0.87
75,2019,W-H_Group,1994,0,0,0,0,0.708542713567839,-0.708542713567839,0.502032776950077,1013.60417666221,12.4255507537689,1.2,240,0.039,0.85,0.85
73,2092,W-H_Group,1995,0,0,0,0,0.712121212121212,-0.712121212121212,0.507116620752985,1060.88797061524,12.2429131313131,1.2,240,0.037,0.82,0.83
157,2249,W-H_Group,1996,0,1,0.5,0.25,0.715736040609137,-0.215736040609137,0.046542039217707,104.673046200624,12.0584741116751,1.2,240,0.035,0.79,0.81
52,2301,W-H_Group,1997,0,0,0,0,0.716836734693878,-0.716836734693878,0.513854904206581,1182.38013457934,11.872206122449,1.2,240,0.033,0.76,0.79
91,2392,W-H_Group,1998,1,0,0.5,0.25,0.72051282051282,-0.22051282051282,0.048625904010519,116.313162393162,11.684081025641,1.2,240,0.031,0.73,0.77
23,2415,W-H_Group,1999,0,0,0,0,0.721649484536082,-0.721649484536082,0.520777978531194,1257.67881815283,11.4940701030928,1.2,240,0.029,0.7,0.75
47,2462,W-H_Group,2000,1,0,0.5,0.25,0.725388601036269,-0.225388601036269,0.050800021477087,125.069652876587,11.3021440414508,1.2,240,0.027,0.67,0.73
44,2506,W-H_Group,2001,1,0,0.5,0.25,0.7265625,-0.2265625,0.05133056640625,128.634399414063,11.1082729166667,1.2,240,0.025,0.64,0.71
103,2609,W-H_Group,2002,3,0,1.5,2.25,0.727748691099476,0.772251308900523,0.596372084098572,1555.93476741317,10.9124261780105,1.2,240,0.023,0.61,0.69
78,2687,W-H_Group,2003,2,0,1,1,0.723684210526316,0.276315789473684,0.076350415512465,205.153566481994,10.714572631579,1.2,240,0.021,0.58,0.67
43,2730,W-H_Group,2004,1,0,0.5,0.25,0.722222222222222,-0.222222222222222,0.049382716049383,134.814814814815,10.5146804232804,1.2,240,0.019,0.55,0.65
65,2795,W-H_Group,2005,1,2,1.5,0.25,0.723404255319149,0.776595744680851,0.603100950656406,1685.66715708465,10.3127170212766,1.2,240,0.017,0.52,0.63
15,2810,W-H_Group,2006,1,0,0.5,0.25,0.719251336898396,-0.219251336898396,0.048071148731734,135.079927936172,10.108649197861,1.2,240,0.015,0.49,0.61
42,2852,W-H_Group,2007,2,0,1,1,0.720430107526882,0.279569892473118,0.078159324777431,222.910394265233,9.90244301075269,1.2,240,0.013,0.46,0.59
47,2899,W-H_Group,2008,1,0,0.5,0.25,0.718918918918919,-0.218918918918919,0.047925493060628,138.936004382761,9.69406378378379,1.2,240,0.011,0.48,0.57
59,2958,W-H_Group,2009,2,0,1,1,0.720108695652174,0.279891304347826,0.078339142249527,231.727182774102,9.48342173913044,1.2,240,0.009,0.5,0.55
36,2994,W-H_Group,2010,0,0,0,0,0.718579234972678,-0.718579234972678,0.516356116933919,1545.97021410015,9.27047978142078,1.2,240,0.007,0.52,0.53
51,3045,W-H_Group,2011,0,0,0,0,0.722527472527472,-0.722527472527472,0.522045948556938,1589.62991335588,9.05520000000001,1.2,240,0.005,0.54,0.51
36,3081,W-H_Group,2012,1,0,0.5,0.25,0.726519337016575,-0.226519337016575,0.051311010042429,158.089221940722,8.83754364640885,1.2,240,0.009,0.56,0.49
56,3137,W-H_Group,2013,1,0,0.5,0.25,0.727777777777778,-0.227777777777778,0.051882716049383,162.756080246914,8.61746444444445,1.2,240,0.013,0.58,0.47
43,3180,W-H_Group,2014,0,0,0,0,0.729050279329609,-0.729050279329609,0.531514309790581,1690.21550513405,8.39492178770951,1.2,240,0.017,0.6,0.45
71,3251,W-H_Group,2015,1,0,0.5,0.25,0.73314606741573,-0.23314606741573,0.05435708875142,176.714895530867,8.16987415730338,1.2,240,0.021,0.62,0.43
44,3295,W-H_Group,2016,0,0,0,0,0.734463276836158,-0.734463276836158,0.539436305020907,1777.44262504389,7.94227909604521,1.2,240,0.025,0.64,0.41
42,3337,W-H_Group,2017,1,0,0.5,0.25,0.738636363636364,-0.238636363636364,0.056947314049587,190.033186983471,7.71209318181819,1.2,240,0.029,0.66,0.39
34,3371,W-H_Group,2018,0,0,0,0,0.74,-0.74,0.5476,1845.9596,7.47927200000001,1.2,240,0.033,0.68,0.37
45,3416,W-H_Group,2019,0,0,0,0,0.744252873563218,-0.744252873563218,0.553912339807108,1892.16455278108,7.24377011494254,1.2,240,0.037,0.7,0.35
8,3459,W-H_Group,2020,0,0,0,0,0.748554913294798,-0.748554913294798,0.560334458217782,1938.19689097531,7.00554104046243,1.2,240,0.041,0.72,0.329999999999999
42,4000,W-H_Group,2021,0,0,0,0,0.752906976744186,-0.752906976744186,0.56686891563007,2267.47566252028,6.76453720930233,1.2,240,0.045,0.74,0.309999999999999
41,4800,W-H_Group,2022,0,0,0,0,0.757309941520468,-0.757309941520468,0.573518347525734,2752.88806812352,6.52070994152048,1.2,240,0.046,0.73,0.33
42,4801,W-H_Group,2023,0,0,0,0,1.75730994152047,0.242690058479532,1.57351834752573,2753.88806812352,7.52070994152048,1.2,240,0.046,0.73,0.33
43,4802,W-H_Group,2024,0,0,0,0,2.75730994152047,1.24269005847953,2.57351834752573,2754.88806812352,8.52070994152048,1.2,240,0.046,0.73,0.33
44,4803,W-H_Group,2025,0,0,0,0,3.75730994152047,2.24269005847953,3.57351834752573,2755.88806812352,9.52070994152048,1.2,240,0.046,0.73,0.33
45,4804,W-H_Group,2026,0,0,0,0,4.75730994152047,3.24269005847953,4.57351834752573,2756.88806812352,10.5207099415205,1.2,240,0.046,0.73,0.33
664,664,Ti-D_Group,1989,12,0,6,36,0.761764705882353,5.23823529411765,27.4391089965398,18219.5683737024,6.2740011764706,3.2,150,0.001,1,0.95
531,1195,Ti-D_Group,1990,13,0,6.5,42.25,0.730769230769231,5.76923076923077,33.2840236686391,39774.4082840237,6.12751479289942,3.2,150,0.011,0.97,0.93
388,1583,Ti-D_Group,1991,19,0,9.5,90.25,0.696428571428571,8.80357142857143,77.5028698979592,122687.043048469,5.97933214285715,3.2,150,0.021,0.94,0.91
214,1797,Ti-D_Group,1992,8,0,4,16,0.643712574850299,3.3562874251497,11.264665280218,20242.6035085518,5.82942275449102,3.2,150,0.031,0.91,0.89
147,1944,Ti-D_Group,1993,5,0,2.5,6.25,0.623493975903614,1.87650602409639,3.52127485847002,6845.35832486573,5.67775542168675,3.2,150,0.041,0.88,0.87
75,2019,Ti-D_Group,1994,7,1,4,9,0.612121212121212,3.38787878787879,11.477722681359,23173.5220936639,5.52429818181819,3.2,150,0.039,0.85,0.85
73,2092,Ti-D_Group,1995,3,0,1.5,2.25,0.591463414634146,0.908536585365854,0.825438726948245,1726.81781677573,5.36903292682927,3.2,150,0.037,0.82,0.83
157,2249,Ti-D_Group,1996,7,0,3.5,12.25,0.585889570552147,2.91411042944785,8.49203959501675,19098.5970491927,5.2119263803681,3.2,150,0.035,0.79,0.81
52,2301,Ti-D_Group,1997,3,0,1.5,2.25,0.567901234567901,0.932098765432099,0.868808108520043,1999.12745770462,5.05294444444444,3.2,150,0.033,0.76,0.79
91,2392,Ti-D_Group,1998,8,0,4,16,0.562111801242236,3.43788819875776,11.8190752671579,28271.2280390417,4.89205217391304,3.2,150,0.031,0.73,0.77
23,2415,Ti-D_Group,1999,5,0,2.5,6.25,0.540625,1.959375,3.839150390625,9271.54819335938,4.72921374999999,3.2,150,0.029,0.7,0.75
47,2462,Ti-D_Group,2000,7,0,3.5,12.25,0.528301886792453,2.97169811320755,8.8309896760413,21741.8965824137,4.56439245283018,3.2,150,0.027,0.67,0.73
44,2506,Ti-D_Group,2001,1,0,0.5,0.25,0.509493670886076,-0.009493670886076,9.01297868931271E-05,0.225865245954176,4.39755063291139,3.2,150,0.025,0.64,0.71
103,2609,Ti-D_Group,2002,4,0,2,4,0.509554140127389,1.49044585987261,2.22142886121141,5795.70789890056,4.22864968152866,3.2,150,0.023,0.61,0.69
78,2687,Ti-D_Group,2003,6,2,4,4,0.5,3.5,12.25,32915.75,4.05764999999999,3.2,150,0.021,0.58,0.67
43,2730,Ti-D_Group,2004,2,0,1,1,0.47741935483871,0.52258064516129,0.27309053069719,745.53714880333,3.88451096774193,3.2,150,0.019,0.55,0.65
65,2795,Ti-D_Group,2005,2,0,1,1,0.474025974025974,0.525974025974026,0.276648675999325,773.233049418114,3.7091909090909,3.2,150,0.017,0.52,0.63
15,2810,Ti-D_Group,2006,0,0,0,0,0.470588235294118,-0.470588235294118,0.221453287197232,622.283737024222,3.53164705882352,3.2,150,0.015,0.49,0.61
42,2852,Ti-D_Group,2007,0,0,0,0,0.473684210526316,-0.473684210526316,0.224376731301939,639.92243767313,3.35183552631578,3.2,150,0.013,0.46,0.59
47,2899,Ti-D_Group,2008,2,0,1,1,0.47682119205298,0.52317880794702,0.273716065084865,793.502872681023,3.16971125827814,3.2,150,0.011,0.48,0.57
59,2958,Ti-D_Group,2009,2,0,1,1,0.473333333333333,0.526666666666667,0.277377777777778,820.483466666667,2.98516133333333,3.2,150,0.009,0.5,0.55
36,2994,Ti-D_Group,2010,0,0,0,0,0.469798657718121,-0.469798657718121,0.220710778793748,660.808071708482,2.79813691275167,3.2,150,0.007,0.52,0.53
51,3045,Ti-D_Group,2011,1,0,0.5,0.25,0.472972972972973,0.027027027027027,0.00073046018992,2.22425127830533,2.60858783783784,3.2,150,0.005,0.54,0.51
36,3081,Ti-D_Group,2012,3,0,1.5,2.25,0.472789115646259,1.02721088435374,1.0551622009348,3250.95474108011,2.41646258503401,3.2,150,0.009,0.56,0.49
56,3137,Ti-D_Group,2013,1,0,0.5,0.25,0.465753424657534,0.034246575342466,0.001172827922687,3.6791611934697,2.2217,3.2,150,0.013,0.58,0.47
43,3180,Ti-D_Group,2014,2,0,1,1,0.46551724137931,0.53448275862069,0.285671819262782,908.436385255648,2.02424551724138,3.2,150,0.017,0.6,0.45
71,3251,Ti-D_Group,2015,1,0,0.5,0.25,0.461805555555556,0.038194444444445,0.00145881558642,4.74260947145061,1.82404305555556,3.2,150,0.021,0.62,0.43
44,3295,Ti-D_Group,2016,2,0,1,1,0.461538461538462,0.538461538461538,0.289940828402367,955.355029585799,1.62103496503497,3.2,150,0.025,0.64,0.41
42,3337,Ti-D_Group,2017,1,0,0.5,0.25,0.457746478873239,0.042253521126761,0.00178536004761,5.95774647887324,1.41516197183099,3.2,150,0.029,0.66,0.39
34,3371,Ti-D_Group,2018,0,0,0,0,0.457446808510638,-0.457446808510638,0.209257582616569,705.407311000453,1.20636312056738,3.2,150,0.033,0.68,0.37
45,3416,Ti-D_Group,2019,1,0,0.5,0.25,0.460714285714286,0.039285714285714,0.001543367346939,5.27214285714286,0.994575714285715,3.2,150,0.037,0.7,0.35
8,3459,Ti-D_Group,2020,3,0,1.5,2.25,0.460431654676259,1.03956834532374,1.08070234459914,3738.14940996843,0.779735251798561,3.2,150,0.041,0.72,0.329999999999999
42,4000,Ti-D_Group,2021,2,0,1,1,0.452898550724638,0.547101449275362,0.299319995799202,1197.27998319681,0.561775362318841,3.2,150,0.045,0.74,0.309999999999999
41,4800,Ti-D_Group,2022,1,0,0.5,0.25,0.448905109489051,0.051094890510949,0.002610687836326,12.5313016143641,0.340627737226277,3.2,150,0.046,0.73,0.29
42,4801,Ti-D_Group,2023,2,1,1.5,1.25,1.44890510948905,1.05109489051095,1.00261068783633,13.5313016143641,1.34062773722628,3.2,150,0.046,0.73,0.29
43,4802,Ti-D_Group,2024,3,2,2.5,2.25,2.44890510948905,2.05109489051095,2.00261068783633,14.5313016143641,2.34062773722628,3.2,150,0.046,0.73,0.29
44,4803,Ti-D_Group,2025,4,3,3.5,3.25,3.44890510948905,3.05109489051095,3.00261068783633,15.5313016143641,3.34062773722628,3.2,150,0.046,0.73,0.29
45,4804,Ti-D_Group,2026,5,4,4.5,4.25,4.44890510948905,4.05109489051095,4.00261068783633,16.5313016143641,4.34062773722628,3.2,150,0.046,0.73,0.29
664,664,C-H_Group,1989,0,0,0,0,0.448529411764706,-0.448529411764706,0.201178633217993,133.582612456747,0.116270588235294,0,1,0.001,1,0.95
531,1195,C-H_Group,1990,0,0,0,0,0.451851851851852,-0.451851851851852,0.204170096021948,243.983264746228,0.11276,0,1,0.011,0.97,0.93
388,1583,C-H_Group,1991,0,0,0,0,0.455223880597015,-0.455223880597015,0.207228781465805,328.04316106037,0.10925671641791,0,1,0.021,0.94,0.91
214,1797,C-H_Group,1992,0,0,0,0,0.458646616541353,-0.458646616541353,0.210356718864831,378.011023800102,0.105760902255639,0,1,0.031,0.91,0.89
147,1944,C-H_Group,1993,0,0,0,0,0.462121212121212,-0.462121212121212,0.213556014692378,415.152892561983,0.102272727272727,0,1,0.041,0.88,0.87
75,2019,C-H_Group,1994,3,0,1.5,2.25,0.465648854961832,1.03435114503817,1.06988229124177,2160.09234601713,0.098792366412214,0,1,0.039,0.85,0.85
73,2092,C-H_Group,1995,1,0,0.5,0.25,0.457692307692308,0.042307692307692,0.001789940828402,3.74455621301775,0.095338461538462,0,1,0.037,0.82,0.83
157,2249,C-H_Group,1996,1,0,0.5,0.25,0.457364341085271,0.042635658914729,0.001817799411093,4.08823087554835,0.091911627906977,0,1,0.035,0.79,0.81
52,2301,C-H_Group,1997,0,0,0,0,0.45703125,-0.45703125,0.208877563476562,480.62727355957,0.0885125,0,1,0.033,0.76,0.79
91,2392,C-H_Group,1998,2,0,1,1,0.460629921259843,0.539370078740157,0.290920081840164,695.880835761671,0.085141732283465,0,1,0.031,0.73,0.77
23,2415,C-H_Group,1999,0,0,0,0,0.456349206349206,-0.456349206349206,0.20825459813555,502.934854497355,0.0818,0,1,0.029,0.7,0.75
47,2462,C-H_Group,2000,0,0,0,0,0.46,-0.46,0.2116,520.9592,0.078488,0,1,0.027,0.67,0.73
44,2506,C-H_Group,2001,0,0,0,0,0.463709677419355,-0.463709677419355,0.215026664932362,538.856822320499,0.075206451612903,0,1,0.025,0.64,0.71
103,2609,C-H_Group,2002,0,0,0,0,0.467479674796748,-0.467479674796748,0.218537246348073,570.163675722123,0.071956097560976,0,1,0.023,0.61,0.69
78,2687,C-H_Group,2003,0,0,0,0,0.471311475409836,-0.471311475409836,0.222134506852997,596.875419914002,0.068737704918033,0,1,0.021,0.58,0.67
43,2730,C-H_Group,2004,0,0,0,0,0.475206611570248,-0.475206611570248,0.225821323680076,616.492213646609,0.065552066115703,0,1,0.019,0.55,0.65
65,2795,C-H_Group,2005,0,0,0,0,0.479166666666667,-0.479166666666667,0.229600694444444,641.733940972222,0.0624,0,1,0.017,0.52,0.63
15,2810,C-H_Group,2006,0,0,0,0,0.483193277310924,-0.483193277310924,0.233475743238472,656.066838500106,0.059282352941177,0,1,0.015,0.49,0.61
42,2852,C-H_Group,2007,0,0,0,0,0.48728813559322,-0.48728813559322,0.237449727089917,677.206621660442,0.0562,0,1,0.013,0.46,0.59
47,2899,C-H_Group,2008,1,0,0.5,0.25,0.491452991452991,0.008547008547009,7.30513551026376E-05,0.211775878442546,0.053153846153846,0,1,0.011,0.48,0.57
59,2958,C-H_Group,2009,3,0,1.5,2.25,0.491379310344828,1.00862068965517,1.01731569560048,3009.21982758621,0.050058620689655,0,1,0.009,0.5,0.55
36,2994,C-H_Group,2010,0,0,0,0,0.482608695652174,-0.482608695652174,0.232911153119093,697.335992438563,0.046913043478261,0,1,0.007,0.52,0.53
51,3045,C-H_Group,2011,1,0,0.5,0.25,0.486842105263158,0.013157894736842,0.000173130193906,0.527181440443212,0.043715789473684,0,1,0.005,0.54,0.51
36,3081,C-H_Group,2012,0,0,0,0,0.486725663716814,-0.486725663716814,0.236901871720573,729.894666771086,0.040465486725664,0,1,0.009,0.56,0.49
56,3137,C-H_Group,2013,0,0,0,0,0.491071428571429,-0.491071428571429,0.241151147959184,756.491151147959,0.03715,0,1,0.013,0.58,0.47
43,3180,C-H_Group,2014,0,0,0,0,0.495495495495496,-0.495495495495496,0.245515786056327,780.740199659119,0.033767567567568,0,1,0.017,0.6,0.45
71,3251,C-H_Group,2015,2,0,1,1,0.5,0.5,0.25,812.75,0.030316363636364,0,1,0.021,0.62,0.43
44,3295,C-H_Group,2016,0,0,0,0,0.495412844036697,-0.495412844036697,0.245433886036529,808.704654490363,0.026794495412844,0,1,0.025,0.64,0.41
42,3337,C-H_Group,2017,0,0,0,0,0.5,-0.5,0.25,834.25,0.0232,0,1,0.029,0.66,0.39
34,3371,C-H_Group,2018,0,0,0,0,0.504672897196262,-0.504672897196262,0.254694733164468,858.575945497423,0.019530841121495,0,1,0.033,0.68,0.37
45,3416,C-H_Group,2019,0,0,0,0,0.509433962264151,-0.509433962264151,0.259522961908152,886.530437878249,0.015784905660377,0,1,0.037,0.7,0.35
8,3459,C-H_Group,2020,0,0,0,0,0.514285714285714,-0.514285714285714,0.264489795918367,914.870204081632,0.01196,0,1,0.041,0.72,0.329999999999999
42,4000,C-H_Group,2021,0,0,0,0,0.519230769230769,-0.519230769230769,0.269600591715976,1078.40236686391,0.008053846153846,0,1,0.045,0.74,0.309999999999999
41,4800,C-H_Group,2022,0,0,0,0,0.524271844660194,-0.524271844660194,0.274860967103403,1319.33264209633,0.004064077669903,0,1,0.043,0.74,0.31
42,4801,C-H_Group,2023,0,0,0,0,1.52427184466019,0.475728155339806,1.2748609671034,1320.33264209633,1.0040640776699,0,1,0.043,0.74,0.31
43,4802,C-H_Group,2024,0,0,0,0,2.52427184466019,1.47572815533981,2.2748609671034,1321.33264209633,2.0040640776699,0,1,0.043,0.74,0.31
44,4803,C-H_Group,2025,0,0,0,0,3.52427184466019,2.47572815533981,3.2748609671034,1322.33264209633,3.0040640776699,0,1,0.043,0.74,0.31
45,4804,C-H_Group,2026,0,0,0,0,4.52427184466019,3.47572815533981,4.2748609671034,1323.33264209633,4.0040640776699,0,1,0.043,0.74,0.31
664,664,Bio_Group,1989,0,0,0,0,0.529411764705882,-0.529411764705882,0.280276816608997,186.103806228374,0.001,0,0,0,0,0
531,1195,Bio_Group,1990,0,0,0,0,0.534653465346535,-0.534653465346535,0.285854328007058,341.595921968435,0.001,0,0,0,0,0
388,1583,Bio_Group,1991,0,0,0,0,0.54,-0.54,0.2916,461.6028,0.001,0,0,0,0,0
214,1797,Bio_Group,1992,0,0,0,0,0.545454545454545,-0.545454545454545,0.297520661157025,534.644628099174,0.001,0,0,0,0,0
147,1944,Bio_Group,1993,1,0,0.5,0.25,0.551020408163265,-0.051020408163265,0.002603082049146,5.06039150354018,0.001,0,0,0,0,0
75,2019,Bio_Group,1994,0,0,0,0,0.551546391752577,-0.551546391752577,0.304203422255287,614.186709533426,0.001,0,0,0,0,0
73,2092,Bio_Group,1995,1,0,0.5,0.25,0.557291666666667,-0.057291666666667,0.003282335069444,6.86664496527777,0.001,0,0,0,0,0
157,2249,Bio_Group,1996,1,0,0.5,0.25,0.557894736842105,-0.057894736842105,0.003351800554017,7.53819944598337,0.001,0,0,0,0,0
52,2301,Bio_Group,1997,0,0,0,0,0.558510638297872,-0.558510638297872,0.311934133091897,717.760440244454,0.001,0,0,0,0,0
91,2392,Bio_Group,1998,1,0,0.5,0.25,0.564516129032258,-0.064516129032258,0.004162330905307,9.95629552549429,0.001,0,0,0,0,0
23,2415,Bio_Group,1999,1,0,0.5,0.25,0.565217391304348,-0.065217391304348,0.004253308128544,10.2717391304348,0.001,0,0,0,0,0
47,2462,Bio_Group,2000,1,0,0.5,0.25,0.565934065934066,-0.065934065934066,0.004347301050598,10.7030551865717,0.001,0,0,0,0,0
44,2506,Bio_Group,2001,0,0,0,0,0.566666666666667,-0.566666666666667,0.321111111111111,804.704444444444,0.001,0,0,0,0,0
103,2609,Bio_Group,2002,2,0,1,1,0.573033707865169,0.426966292134831,0.182300214619366,475.621259941927,0.001,0,0,0,0,0
78,2687,Bio_Group,2003,2,0,1,1,0.568181818181818,0.431818181818182,0.18646694214876,501.036673553719,0.001,0,0,0,0,0
43,2730,Bio_Group,2004,3,0,1.5,2.25,0.563218390804598,0.936781609195402,0.877559783326727,2395.73820848197,0.001,0,0,0,0,0
65,2795,Bio_Group,2005,1,0,0.5,0.25,0.552325581395349,-0.052325581395349,0.002737966468361,7.65261627906976,0.001,0,0,0,0,0
15,2810,Bio_Group,2006,0,0,0,0,0.552941176470588,-0.552941176470588,0.305743944636678,859.140484429066,0.001,0,0,0,0,0
42,2852,Bio_Group,2007,0,0,0,0,0.55952380952381,-0.55952380952381,0.313066893424036,892.866780045352,0.001,0,0,0,0,0
47,2899,Bio_Group,2008,1,0,0.5,0.25,0.566265060240964,-0.066265060240964,0.004391058208739,12.7296777471331,0.001,0,0,0,0,0
59,2958,Bio_Group,2009,0,0,0,0,0.567073170731707,-0.567073170731707,0.321571980963712,951.20991969066,0.001,0,0,0,0,0
36,2994,Bio_Group,2010,0,0,0,0,0.574074074074074,-0.574074074074074,0.329561042524005,986.705761316872,0.001,0,0,0,0,0
51,3045,Bio_Group,2011,1,0,0.5,0.25,0.58125,-0.08125,0.0066015625,20.1017578125,0.001,0,0,0,0,0
36,3081,Bio_Group,2012,0,0,0,0,0.582278481012658,-0.582278481012658,0.339048229450409,1044.60759493671,0.001,0,0,0,0,0
56,3137,Bio_Group,2013,0,0,0,0,0.58974358974359,-0.58974358974359,0.347797501643655,1091.04076265615,0.001,0,0,0,0,0
43,3180,Bio_Group,2014,0,0,0,0,0.597402597402597,-0.597402597402597,0.35688986338337,1134.90976555912,0.001,0,0,0,0,0
71,3251,Bio_Group,2015,1,0,0.5,0.25,0.605263157894737,-0.105263157894737,0.011080332409972,36.0221606648199,0.001,0,0,0,0,0
44,3295,Bio_Group,2016,0,0,0,0,0.606666666666667,-0.606666666666667,0.368044444444444,1212.70644444444,0.001,0,0,0,0,0
42,3337,Bio_Group,2017,2,0,1,1,0.614864864864865,0.385135135135135,0.148329072315559,494.97411431702,0.001,0,0,0,0,0
34,3371,Bio_Group,2018,1,0,0.5,0.25,0.60958904109589,-0.10958904109589,0.012009757928317,40.4848939763558,0.001,0,0,0,0,0
45,3416,Bio_Group,2019,4,0,2,4,0.611111111111111,1.38888888888889,1.92901234567901,6589.50617283951,0.001,0,0,0,0,0
8,3459,Bio_Group,2020,2,0,1,1,0.591549295774648,0.408450704225352,0.166831977782186,577.071811148582,0.001,0,0,0,0,0
42,4000,Bio_Group,2021,0,0,0,0,0.585714285714286,-0.585714285714286,0.343061224489796,1372.24489795918,0.001,0,0,0,0,0
41,4800,Bio_Group,2022,0,0,0,0,0.594202898550725,-0.594202898550725,0.353077084646083,1694.7700063012,0.001,0,0,0,0,0
42,4801,Bio_Group,2023,0,0,0,0,1.59420289855073,0.405797101449275,1.35307708464608,1695.7700063012,0.001,0,0,0,0,0
43,4802,Bio_Group,2024,0,0,0,0,2.59420289855072,1.40579710144928,2.35307708464608,1696.7700063012,0.001,0,0,0,0,0
44,4803,Bio_Group,2025,0,0,0,0,3.59420289855072,2.40579710144927,3.35307708464608,1697.7700063012,0.001,0,0,0,0,0
45,4804,Bio_Group,2026,0,0,0,0,4.59420289855072,3.40579710144927,4.35307708464608,1698.7700063012,0.001,0,0,0,0,0
664,664,Piez_Group,1989,0,0,0,0,0.602941176470588,-0.602941176470588,0.363538062283737,241.389273356401,0.001,0,0,0,0,0
531,1195,Piez_Group,1990,0,0,0,0,0.611940298507463,-0.611940298507463,0.374470928937402,447.492760080196,0.001,0,0,0,0,0
388,1583,Piez_Group,1991,0,1,0.5,0.25,0.621212121212121,-0.121212121212121,0.014692378328742,23.2580348943985,0.001,0,0,0,0,0
214,1797,Piez_Group,1992,1,0,0.5,0.25,0.623076923076923,-0.123076923076923,0.015147928994083,27.2208284023669,0.001,0,0,0,0,0
147,1944,Piez_Group,1993,1,0,0.5,0.25,0.625,-0.125,0.015625,30.375,0.001,0,0,0,0,0
75,2019,Piez_Group,1994,0,0,0,0,0.626984126984127,-0.626984126984127,0.393109095490048,793.687263794407,0.001,0,0,0,0,0
73,2092,Piez_Group,1995,0,0,0,0,0.637096774193548,-0.637096774193548,0.405892299687825,849.12669094693,0.001,0,0,0,0,0
157,2249,Piez_Group,1996,1,0,0.5,0.25,0.647540983606557,-0.147540983606557,0.021768341843591,48.9570008062349,0.001,0,0,0,0,0
52,2301,Piez_Group,1997,1,0,0.5,0.25,0.65,-0.15,0.0225,51.7725,0.001,0,0,0,0,0
91,2392,Piez_Group,1998,0,0,0,0,0.652542372881356,-0.652542372881356,0.425811548405631,1018.54122378627,0.001,0,0,0,0,0
23,2415,Piez_Group,1999,0,0,0,0,0.663793103448276,-0.663793103448276,0.440621284185494,1064.10040130797,0.001,0,0,0,0,0
47,2462,Piez_Group,2000,0,0,0,0,0.675438596491228,-0.675438596491228,0.45621729763004,1123.20698676516,0.001,0,0,0,0,0
44,2506,Piez_Group,2001,0,0,0,0,0.6875,-0.6875,0.47265625,1184.4765625,0.001,0,0,0,0,0
103,2609,Piez_Group,2002,0,0,0,0,0.7,-0.7,0.49,1278.41,0.001,0,0,0,0,0
78,2687,Piez_Group,2003,0,0,0,0,0.712962962962963,-0.712962962962963,0.508316186556927,1365.84559327846,0.001,0,0,0,0,0
43,2730,Piez_Group,2004,0,0,0,0,0.726415094339623,-0.726415094339623,0.527678889284443,1440.56336774653,0.001,0,0,0,0,0
65,2795,Piez_Group,2005,0,0,0,0,0.740384615384615,-0.740384615384615,0.548169378698225,1532.13341346154,0.001,0,0,0,0,0
15,2810,Piez_Group,2006,0,0,0,0,0.754901960784314,-0.754901960784314,0.569876970396001,1601.35428681276,0.001,0,0,0,0,0
42,2852,Piez_Group,2007,0,0,0,0,0.77,-0.77,0.5929,1690.9508,0.001,0,0,0,0,0
47,2899,Piez_Group,2008,0,0,0,0,0.785714285714286,-0.785714285714286,0.61734693877551,1789.6887755102,0.001,0,0,0,0,0
59,2958,Piez_Group,2009,5,0,2.5,6.25,0.802083333333333,1.69791666666667,2.88292100694444,8527.68033854166,0.001,0,0,0,0,0
36,2994,Piez_Group,2010,1,0,0.5,0.25,0.765957446808511,-0.265957446808511,0.070733363512902,211.775690357628,0.001,0,0,0,0,0
51,3045,Piez_Group,2011,0,0,0,0,0.771739130434783,-0.771739130434783,0.595581285444234,1813.54501417769,0.001,0,0,0,0,0
36,3081,Piez_Group,2012,1,0,0.5,0.25,0.788888888888889,-0.288888888888889,0.083456790123457,257.13037037037,0.001,0,0,0,0,0
56,3137,Piez_Group,2013,1,1,1,0,0.795454545454545,0.204545454545455,0.041838842975207,131.248450413223,0.001,0,0,0,0,0
43,3180,Piez_Group,2014,0,0,0,0,0.790697674418605,-0.790697674418605,0.62520281233099,1988.14494321255,0.001,0,0,0,0,0
71,3251,Piez_Group,2015,1,0,0.5,0.25,0.80952380952381,-0.30952380952381,0.095804988662132,311.46201814059,0.001,0,0,0,0,0
44,3295,Piez_Group,2016,1,0,0.5,0.25,0.817073170731707,-0.317073170731707,0.100535395597858,331.264128494943,0.001,0,0,0,0,0
42,3337,Piez_Group,2017,0,0,0,0,0.825,-0.825,0.680625,2271.245625,0.001,0,0,0,0,0
34,3371,Piez_Group,2018,1,0,0.5,0.25,0.846153846153846,-0.346153846153846,0.119822485207101,403.921597633136,0.001,0,0,0,0,0
45,3416,Piez_Group,2019,0,0,0,0,0.855263157894737,-0.855263157894737,0.731475069252078,2498.7188365651,0.001,0,0,0,0,0
8,3459,Piez_Group,2020,0,0,0,0,0.878378378378378,-0.878378378378378,0.77154857560263,2668.7865230095,0.001,0,0,0,0,0
42,4000,Piez_Group,2021,0,0,0,0,0.902777777777778,-0.902777777777778,0.815007716049383,3260.03086419753,0.001,0,0,0,0,0
41,4800,Piez_Group,2022,0,0,0,0,0.928571428571429,-0.928571428571429,0.862244897959184,4138.77551020408,0.001,0,0,0,0,0
42,4801,Piez_Group,2023,0,0,0,0,1.92857142857143,0.071428571428571,1.86224489795918,4139.77551020408,0.001,0,0,0,0,0
43,4802,Piez_Group,2024,0,0,0,0,2.92857142857143,1.07142857142857,2.86224489795918,4140.77551020408,0.001,0,0,0,0,0
44,4803,Piez_Group,2025,0,0,0,0,3.92857142857143,2.07142857142857,3.86224489795918,4141.77551020408,0.001,0,0,0,0,0
45,4804,Piez_Group,2026,0,0,0,0,4.92857142857143,3.07142857142857,4.86224489795918,4142.77551020408,0.001,0,0,0,0,0
664,664,Cavity_Group,1989,0,0,0,0,0.955882352941176,-0.955882352941176,0.91371107266436,606.704152249135,0.001,0,0,0,0,0
531,1195,Cavity_Group,1990,1,0,0.5,0.25,0.984848484848485,-0.484848484848485,0.235078053259871,280.918273645546,0.001,0,0,0,0,0
388,1583,Cavity_Group,1991,1,0,0.5,0.25,1,-0.5,0.25,395.75,0.001,0,0,0,0,0
214,1797,Cavity_Group,1992,1,0,0.5,0.25,1.01612903225806,-0.516129032258065,0.266389177939646,478.701352757544,0.001,0,0,0,0,0
147,1944,Cavity_Group,1993,2,0,1,1,1.03333333333333,-0.033333333333334,0.001111111111111,2.16000000000001,0.001,0,0,0,0,0
75,2019,Cavity_Group,1994,0,0,0,0,1.03448275862069,-1.03448275862069,1.07015457788347,2160.64209274673,0.001,0,0,0,0,0
73,2092,Cavity_Group,1995,0,0,0,0,1.07142857142857,-1.07142857142857,1.14795918367347,2401.5306122449,0.001,0,0,0,0,0
157,2249,Cavity_Group,1996,4,0,2,4,1.11111111111111,0.888888888888889,0.790123456790123,1776.98765432099,0.001,0,0,0,0,0
52,2301,Cavity_Group,1997,1,0,0.5,0.25,1.07692307692308,-0.576923076923077,0.33284023668639,765.865384615384,0.001,0,0,0,0,0
91,2392,Cavity_Group,1998,5,0,2.5,6.25,1.1,1.4,1.96,4688.32,0.001,0,0,0,0,0
23,2415,Cavity_Group,1999,1,0,0.5,0.25,1.04166666666667,-0.541666666666667,0.293402777777778,708.567708333333,0.001,0,0,0,0,0
47,2462,Cavity_Group,2000,1,0,0.5,0.25,1.06521739130435,-0.565217391304348,0.319470699432892,786.536862003781,0.001,0,0,0,0,0
44,2506,Cavity_Group,2001,1,1,1,0,1.09090909090909,-0.090909090909091,0.008264462809917,20.7107438016529,0.001,0,0,0,0,0
103,2609,Cavity_Group,2002,6,1,3.5,6.25,1.0952380952381,2.4047619047619,5.7828798185941,15087.533446712,0.001,0,0,0,0,0
78,2687,Cavity_Group,2003,3,0,1.5,2.25,0.975,0.525,0.275625,740.604375,0.001,0,0,0,0,0
43,2730,Cavity_Group,2004,3,0,1.5,2.25,0.947368421052632,0.552631578947368,0.305401662049862,833.746537396122,0.001,0,0,0,0,0
65,2795,Cavity_Group,2005,3,0,1.5,2.25,0.916666666666667,0.583333333333333,0.340277777777778,951.076388888889,0.001,0,0,0,0,0
15,2810,Cavity_Group,2006,5,0,2.5,6.25,0.882352941176471,1.61764705882353,2.61678200692042,7353.15743944637,0.001,0,0,0,0,0
42,2852,Cavity_Group,2007,2,0,1,1,0.78125,0.21875,0.0478515625,136.47265625,0.001,0,0,0,0,0
47,2899,Cavity_Group,2008,3,0,1.5,2.25,0.766666666666667,0.733333333333333,0.537777777777778,1559.01777777778,0.001,0,0,0,0,0
59,2958,Cavity_Group,2009,3,0,1.5,2.25,0.714285714285714,0.785714285714286,0.61734693877551,1826.11224489796,0.001,0,0,0,0,0
36,2994,Cavity_Group,2010,1,0,0.5,0.25,0.653846153846154,-0.153846153846154,0.023668639053255,70.8639053254438,0.001,0,0,0,0,0
51,3045,Cavity_Group,2011,0,0,0,0,0.666666666666667,-0.666666666666667,0.444444444444444,1353.33333333333,0.001,0,0,0,0,0
36,3081,Cavity_Group,2012,4,1,2.5,2.25,0.727272727272727,1.77272727272727,3.14256198347107,9682.23347107438,0.001,0,0,0,0,0
56,3137,Cavity_Group,2013,0,0,0,0,0.55,-0.55,0.3025,948.9425,0.001,0,0,0,0,0
43,3180,Cavity_Group,2014,2,0,1,1,0.611111111111111,0.388888888888889,0.151234567901235,480.925925925926,0.001,0,0,0,0,0
71,3251,Cavity_Group,2015,2,0,1,1,0.5625,0.4375,0.19140625,622.26171875,0.001,0,0,0,0,0
44,3295,Cavity_Group,2016,3,0,1.5,2.25,0.5,1,1,3295,0.001,0,0,0,0,0
42,3337,Cavity_Group,2017,1,0,0.5,0.25,0.333333333333333,0.166666666666667,0.027777777777778,92.6944444444445,0.001,0,0,0,0,0
34,3371,Cavity_Group,2018,0,0,0,0,0.3,-0.3,0.09,303.39,0.001,0,0,0,0,0
45,3416,Cavity_Group,2019,2,0,1,1,0.375,0.625,0.390625,1334.375,0.001,0,0,0,0,0
8,3459,Cavity_Group,2020,0,0,0,0,0.166666666666667,-0.166666666666667,0.027777777777778,96.0833333333333,0.001,0,0,0,0,0
42,4000,Cavity_Group,2021,0,0,0,0,0.25,-0.25,0.0625,250,0.001,0,0,0,0,0
41,4800,Cavity_Group,2022,1,0,0.5,0.25,0.5,0,0,0,0.001,0,0,0,0,0
42,4801,Cavity_Group,2023,2,1,1.5,1.25,1.5,1,1,1,1.001,1,1,1,1,1
43,4802,Cavity_Group,2024,3,2,2.5,2.25,2.5,2,2,2,2.001,2,2,2,2,2
44,4803,Cavity_Group,2025,4,3,3.5,3.25,3.5,3,3,3,3.001,3,3,3,3,3
45,4804,Cavity_Group,2026,5,4,4.5,4.25,4.5,4,4,4,4.001,4,4,4,4,4
